Title,Date,Work
LOVEマシーン,2001/02/21,AC1
ちょこっとLOVE,2001/02/21,AC1
GOLDFINGER'99,2001/02/21,AC1
HOTEL PACIFIC,2001/02/21,AC1
お祭り忍者,2001/02/21,AC1
ドラえもん音頭,2001/02/21,AC1
アンパンマンのマーチ,2001/02/21,AC1
大ちゃん数え唄,2001/02/21,AC1
サザエさん一家,2001/02/21,AC1
ルパン三世のテーマ '78,2001/02/21,AC1
翔べ！ガンダム,2001/02/21,AC1
宇宙戦艦ヤマト,2001/02/21,AC1
ガッチャマンの歌,2001/02/21,AC1
炭坑節,2001/02/21,AC1
スーダラ節,2001/02/21,AC1
ドリフ音頭,2001/02/21,AC1
太陽にほえろのテーマ,2001/02/21,AC1
ハロー！どんちゃん,2001/02/21,AC1
太陽もヤッパッパー,2001/02/21,AC1
マッピー音頭,2001/02/21,AC1
ラブユー☆どんちゃん,2001/02/21,AC1
オフ・ロック,2001/02/21,AC1
地獄の太鼓事典,2001/02/21,AC1
君に、ロマンティック。,2001/02/21,AC1
ゴーゴー・キッチン,2001/02/21,AC1
箱根八里の半次郎,2001/08/06,AC2
恋をしちゃいました！,2001/08/06,AC2
チュッ！夏パーティ,2001/08/06,AC2
サマーれげぇ！レインボー,2001/08/06,AC2
明日があるさ,2001/08/06,AC2
いい湯だな,2001/08/06,AC2
ミニモニ。ジャンケンぴょん！,2001/08/06,AC2
恋愛レボリューション21,2001/08/06,AC2
夏祭り,2001/08/06,AC2
ダンシング！夏祭り,2001/08/06,AC2
ultra soul,2001/08/06,AC2
詠人,2001/08/06,AC2
おどるポンポコリン,2001/08/06,AC2
アイアイ,2001/08/06,AC2
シンクロナイズド・ラブ,2001/08/06,AC2
炎のファイター,2001/08/06,AC2
どんちゃん音頭,2001/08/06,AC2
ラブリーX,2001/08/06,AC2
愛のうた～ピクミンのテーマ,2002/03/15,AC3
PIECES OF A DREAM,2002/03/15,AC3
ミニモニ。テレフォン！リンリンリン,2002/03/15,AC3
ガッツだぜ!!,2002/03/15,AC3
ガッツだぜ！！,2002/03/15,AC3
traveling,2002/03/15,AC3
Mr.Moonlight 愛のビッグバンド,2002/03/15,AC3
LOVE涙色,2002/03/15,AC3
学園天国,2002/03/15,AC3
そうだ！We're ALIVE,2002/03/15,AC3
波乗りジョニー,2002/03/15,AC3
Marionette,2002/03/15,AC3
UNITE!,2002/03/15,AC3
ムーンライト伝説,2002/03/15,AC3
ハム太郎とっとこうた,2002/03/15,AC3
残酷な天使のテーゼ,2002/03/15,AC3
ラジオ体操第一,2002/03/15,AC3
WE ARE THE CHAMP,2002/03/15,AC3
クラシックメドレー(運動会編),2002/03/15,AC3
クラシックメドレー(ロック編),2002/03/15,AC3
すすめ！ドリラー,2002/03/15,AC3
どんちゃんえかき歌,2002/03/15,AC3
太鼓の達人・愛のテーマ,2002/03/15,AC3
たのしい太鼓道場,2002/03/15,AC3
虹色・夢色・太鼓色,2002/03/15,AC3
太鼓侍,2002/03/15,AC3
風雲！バチお先生,2002/03/15,AC3
おさかな天国,2002/10/24,CS1
新世界より,2002/10/24,CS1
STEPPING WIND,2002/10/24,CS1
もじぴったんメドレー,2002/10/24,CS1
熱き鼓動の果て,2002/12/12,AC4
きよしのズンドコ節,2002/12/12,AC4
島唄,2002/12/12,AC4
Do it! Now,2002/12/12,AC4
ヤングマン（Y.M.C.A）,2002/12/12,AC4
シーソーゲーム,2002/12/12,AC4
亜麻色の髪の乙女,2002/12/12,AC4
Feel fine!,2002/12/12,AC4
Yeah!めっちゃホリディ,2002/12/12,AC4
ジンギスカン(GENGHIS KHAN),2002/12/12,AC4
ここにいるぜぇ！,2002/12/12,AC4
またここであいましょう,2002/12/12,AC4
independent,2002/12/12,AC4
ロマンスの神様,2002/12/12,AC4
勝手にシンドバッド,2002/12/12,AC4
TRAIN-TRAIN,2002/12/12,AC4
DANCE!おジャ魔女,2002/12/12,AC4
ドラえもんのうた,2002/12/12,AC4
ハリケンジャー参上!,2002/12/12,AC4
キューティーハニー,2002/12/12,AC4
タッチ,2002/12/12,AC4
マジンガーZ,2002/12/12,AC4
魔訶不思議アドベンチャー!,2002/12/12,AC4
愛をとりもどせ！！,2002/12/12,AC4
ラムのラブソング,2002/12/12,AC4
太鼓ラブ！,2002/12/12,AC4
ドドドドドンだフル!,2002/12/12,AC4
ゼビウス体操,2002/12/12,AC4
サタデー太鼓フィーバー,2002/12/12,AC4
July 1st,2003/03/27,CS2
大切なもの,2003/03/27,CS2
ソーラン節,2003/03/27,CS2
第九交響曲,2003/03/27,CS2
結婚行進曲,2003/03/27,CS2
ウィリアム・テル序曲,2003/03/27,CS2
平成太鼓街道～バチの女～,2003/03/27,CS2
太鼓のマーチ,2003/03/27,CS2
Taiko Session～Live Version～,2003/03/27,CS2
エリンギのエクボ,2003/03/27,CS2
One Night Carnival,2003/10/06,AC5
UFO,2003/10/06,AC5
My Revolution,2003/10/06,AC5
BE ALL RIGHT!,2003/10/06,AC5
ね～え？,2003/10/06,AC5
true blue,2003/10/06,AC5
DIAMONDS -ダイアモンド-,2003/10/06,AC5
Darling,2003/10/06,AC5
それが大事,2003/10/06,AC5
そばかす,2003/10/06,AC5
佐賀県,2003/10/06,AC5
GOOD BYE 夏男,2003/10/06,AC5
VALENTI,2003/10/06,AC5
明日への扉,2003/10/06,AC5
ヒカリへ,2003/10/06,AC5
爆竜戦隊アバレンジャー,2003/10/06,AC5
なんでだろう 両さんバージョン,2003/10/06,AC5
CHA-LA HEAD-CHA-LA,2003/10/06,AC5
Get Wild,2003/10/06,AC5
もりのくまさん,2003/10/06,AC5
ドンパン節,2003/10/06,AC5
六甲おろし,2003/10/06,AC5
Rhythm and Police,2003/10/06,AC5
3年目の浮気,2003/10/06,AC5
北酒場,2003/10/06,AC5
エレクトリカルパレード,2003/10/06,AC5
交響曲第五番「運命」,2003/10/06,AC5
ねこくじら,2003/10/06,AC5
KAGEKIYO 源平討魔伝メドレー,2003/10/06,AC5
パラダイス銀河,2003/10/30,CS3
いぬのおまわりさん,2003/10/30,CS3
歌劇「アイーダ」より凱旋行進曲,2003/10/30,CS3
カルメン組曲一番終曲,2003/10/30,CS3
クラシックメドレー(ホームパーティ編),2003/10/30,CS3
ベラボーマン,2003/10/30,CS3
ワンダーモモ,2003/10/30,CS3
Galaga'88,2003/10/30,CS3
ソウルキャリバーII,2003/10/30,CS3
MEKADON,2003/10/30,CS3
おもちでマンボ,2003/10/30,CS3
きょうはたいこ曜日,2003/10/30,CS3
和太鼓戦隊ドンレンジャー,2003/10/30,CS3
わっふ～音頭,2003/10/30,CS3
スポーツダイジェスドン,2003/10/30,CS3
さいたま2000,2003/10/30,CS3
メカデス。,2003/10/30,CS3
サザエさん,2003/12/18,アニメ祭
さらば,2003/12/18,アニメ祭
ウルトラマンの歌,2003/12/18,アニメ祭
天才バカボン,2003/12/18,アニメ祭
勇気りんりん,2003/12/18,アニメ祭
だまって俺についてこい,2003/12/18,アニメ祭
We are the ONE～僕らはひとつ～,2003/12/18,アニメ祭
Fun!Fun!★ふぁんたじー,2003/12/18,アニメ祭
ぼくドラえもん,2003/12/18,アニメ祭
FAITH,2003/12/18,アニメ祭
アドバンス・アドベンチャー～Advance Adventure～,2003/12/18,アニメ祭
遥か彼方,2003/12/18,アニメ祭
君と約束した優しいあの場所まで,2003/12/18,アニメ祭
キャンディ キャンディ,2003/12/18,アニメ祭
Grip!,2003/12/18,アニメ祭
カサブタ,2003/12/18,アニメ祭
もらい泣き,2004/07/15,AC6
負けないで,2004/07/15,AC6
夏色,2004/07/15,AC6
天体観測,2004/07/15,AC6
大迷惑,2004/07/15,AC6
上海ハニー,2004/07/15,AC6
SHAKE,2004/07/15,AC6
Sunny Day Sunday,2004/07/15,AC6
さくらんぼ,2004/07/15,AC6
青い珊瑚礁,2004/07/15,AC6
特捜戦隊デカレンジャー,2004/07/15,AC6
BON VOYAGE!,2004/07/15,AC6
チャレンジャー!!,2004/07/15,AC6
DANZEN! ふたりはプリキュア,2004/07/15,AC6
GO!!!,2004/07/15,AC6
葛飾ラプソディー ～ヤムヤムVersion～,2004/07/15,AC6
クラリネットをこわしちゃった,2004/07/15,AC6
おもちゃのチャチャチャ,2004/07/15,AC6
ミッキーマウス・マーチ,2004/07/15,AC6
日本ブレイク工業社歌,2004/07/15,AC6
自由 女子十二楽坊,2004/07/15,AC6
Ridge Racer,2004/07/15,AC6
ドラゴンスピリットメドレー,2004/07/15,AC6
スクロール・ミカ,2004/07/15,AC6
君は天然色,2004/07/22,CS4
いいもんだなぁふるさとは 明治カールの歌,2004/07/22,CS4
やっぱりサルゲッチュ,2004/07/22,CS4
交響曲第25番ト短調第一楽章,2004/07/22,CS4
ハンガリー舞曲第５番,2004/07/22,CS4
「カルメン」より闘牛士の歌,2004/07/22,CS4
フニクリ・フニクラ,2004/07/22,CS4
おはよう！太鼓サマー,2004/07/22,CS4
どんちゃん 世界旅行,2004/07/22,CS4
どん子のファーストデート,2004/07/22,CS4
うなぎのたましいロック,2004/07/22,CS4
音符のうた,2004/07/22,CS4
ダジャレdeオシャレ,2004/07/22,CS4
ブルちゃんのおやつ,2004/07/22,CS4
バベルの塔,2004/07/22,CS4
妖怪道中記音頭,2004/07/22,CS4
Rare Hero,2004/07/22,CS4
サンダーセプターメドレー,2004/07/22,CS4
塊オンザロック,2004/07/22,CS4
ケチャドン2000,2004/07/22,CS4
ココロオドル,2004/12/09,CS5
Choo Choo TRAIN,2004/12/09,CS5
リンダリンダ,2004/12/09,CS5
伝説の男 ～ビバ・ガッツ～,2004/12/09,CS5
プレイバックPart2,2004/12/09,CS5
瞳をとじて,2004/12/09,CS5
ignited-イグナイテッド-,2004/12/09,CS5
アララの呪文,2004/12/09,CS5
君にこの声が 届きますように,2004/12/09,CS5
ゲッチュウ! らぶらぶぅ?!,2004/12/09,CS5
ミッドナイト デカレンジャー,2004/12/09,CS5
キューティーハニー(倖田來未Ver),2004/12/09,CS5
ジングルベル,2004/12/09,CS5
手のひらを太陽に,2004/12/09,CS5
村祭り,2004/12/09,CS5
マツケンサンバII,2004/12/09,CS5
TRUTH,2004/12/09,CS5
最初から今まで,2004/12/09,CS5
DADDY MULK,2004/12/09,CS5
天国と地獄 序曲,2004/12/09,CS5
威風堂々,2004/12/09,CS5
レクイエム 怒りの日より,2004/12/09,CS5
ラデツキー行進曲,2004/12/09,CS5
ヴァイオリン協奏曲ホ短調,2004/12/09,CS5
今日のご飯は太鼓盛り！,2004/12/09,CS5
シシハゲマイ,2004/12/09,CS5
タ・コ・タ・イ・コ,2004/12/09,CS5
シャイニング65,2004/12/09,CS5
今夜はホーミー,2004/12/09,CS5
福袋餃子自慢商店街の歌,2004/12/09,CS5
餃子ブギウギ,2004/12/09,CS5
僕の地球 僕らの地球,2004/12/09,CS5
ドルアーガの塔メドレー,2004/12/09,CS5
ROTTERDAM NATION(FOO MIX),2004/12/09,CS5
BLUE TOPAZ,2004/12/09,CS5
ダイエット・パダライス,2004/12/09,CS5
画竜点睛,2004/12/09,CS5
恋文2000,2004/12/09,CS5
花,2005/07/05,AC7
ロコローション,2005/07/05,AC7
ツバサ,2005/07/05,AC7
NO MORE CRY,2005/07/05,AC7
未来の地図,2005/07/05,AC7
青いベンチ,2005/07/05,AC7
アジアの純真,2005/07/05,AC7
恋のフーガ,2005/07/05,AC7
勝手にしやがれ,2005/07/05,AC7
硝子の少年,2005/07/05,AC7
前略、道の上より,2005/07/05,AC7
初恋列車,2005/07/05,AC7
GALAXY EXPRESS 999,2005/07/05,AC7
僕たちの行方,2005/07/05,AC7
月光花,2005/07/05,AC7
あじゃぱー,2005/07/05,AC7
ハム太郎とっとこうた～ノリノリでちゅ～,2005/07/05,AC7
見えない翼,2005/07/05,AC7
ココロのちず,2005/07/05,AC7
星のかがやきよ,2005/07/05,AC7
ムリムリ!?ありあり!!INじゃぁな～い?!,2005/07/05,AC7
DANZEN! ふたりはプリキュア (Ver.Max Heart),2005/07/05,AC7
魔法戦隊マジレンジャー,2005/07/05,AC7
笑点のテーマ,2005/07/05,AC7
吉宗評判記,2005/07/05,AC7
Toxic,2005/07/05,AC7
ドラゴンクエストVIII メドレー,2005/07/05,AC7
ドラゴンクエストVIII 序曲,2005/07/05,AC7
バーニングフォースメドレー,2005/07/15,AC7
よくでる2000,2005/07/15,AC7
ポジティブ！,2005/07/15,AC7
THE IDOLM@STER,2005/07/15,AC7
ネオメロドラマティック,2005/08/04,PSP1
ノーボーイ・ノークライ,2005/08/04,アニスペ
D-tecnoLife,2005/08/04,アニスペ
シュガー・シュガー,2005/08/04,アニスペ
快晴・上昇・ハレルーヤ,2005/08/04,アニスペ
輝,2005/08/04,アニスペ
Be Somewhere,2005/08/04,アニスペ
ハム太郎とっとこうた2005,2005/08/04,アニスペ
プリンセスはあきらめない,2005/08/04,アニスペ
アンパンマンたいそう,2005/08/04,アニスペ
ホウキ雲,2005/08/04,アニスペ
哀戦士,2005/08/04,アニスペ
ハッピー★マテリアル,2005/08/04,アニスペ
明日への闘志,2005/08/04,アニスペ
魔法使いサリー,2005/08/04,アニスペ
ヤッターマンの歌,2005/08/04,アニスペ
行け、メカドン！,2005/08/04,アニスペ
リライト,2005/08/04,PSP1
We Will Rock You,2005/08/04,PSP1
I'm A Slave 4 U,2005/08/04,PSP1
木星,2005/08/04,PSP1
トルコ行進曲(モーツァルト),2005/08/04,PSP1
ワルキューレの騎行,2005/08/04,PSP1
魅惑のリズム,2005/08/04,PSP1
エンターテイナー,2005/08/04,PSP1
響け！太鼓の達人,2005/08/04,アニスペ
きっと もっと ずっと,2005/08/04,アニスペ
合体！ドンレンジャーロボ,2005/08/04,アニスペ
リブルとラブルのマジカルファンタジー,2005/08/04,アニスペ
ドリルファイター ゴーゴーDigDug,2005/08/04,アニスペ
かつとマリ子の絵かきうた,2005/08/04,アニスペ
L・O・V・E,2005/08/04,アニスペ
ワンダーモモーイ,2005/08/04,アニスペ
Happy ＆ Peace,2005/08/04,アニスペ
未来への鍵,2005/08/04,アニスペ
BE THE ACE,2005/08/04,アニスペ
おおブレネリ,2005/12/06,PSP1
お願い！セニョリータ,2005/12/08,CS6
SMILY,2005/12/08,CS6
GLAMOROUS SKY,2005/12/08,CS6
気がつけば あなた,2005/12/08,CS6
さくら(ケツメイシ),2005/12/08,CS6
My Way,2005/12/08,CS6
スキップ ステップ アイランド,2005/12/08,CS6
呪文降臨～マジカル・フォース,2005/12/08,CS6
Here I Am,2005/12/08,CS6
Promise,2005/12/08,CS6
スピード,2005/12/08,CS6
ドラマチック,2005/12/08,CS6
レッツゴー!!ライダーキック,2005/12/08,CS6
ワイワイワールド,2005/12/08,CS6
線路は続くよどこまでも,2005/12/08,CS6
アルプス一万尺,2005/12/08,CS6
オクラホマミキサー,2005/12/08,CS6
もろびとこぞりて,2005/12/08,CS6
ロシア民謡メドレー,2005/12/08,CS6
恋のマイアヒ,2005/12/08,CS6
PECORI NIGHT,2005/12/08,CS6
マツケンサンバIII,2005/12/08,CS6
行進曲「くるみ割り人形」から,2005/12/08,CS6
アイネクライネナハトムジーク,2005/12/08,CS6
トリッチトラッチポルカ,2005/12/08,CS6
おもちゃのシンフォニー,2005/12/08,CS6
軍隊行進曲,2005/12/08,CS6
トッカータとフーガとロック,2005/12/08,CS6
白鳥の湖～still a duckling～,2005/12/08,CS6
SPARKING 鉄拳5,2005/12/08,CS6
塊オンザスウィング,2005/12/08,CS6
XEVIOUS,2005/12/08,CS6
影の伝説,2005/12/08,CS6
CAPTAIN NEO,2005/12/08,CS6
のし巻いて、太鼓っパラ！,2005/12/08,CS6
あたしイカサマ恋はイカサマ,2005/12/08,CS6
真・画竜点睛,2005/12/08,CS6
クレーンシティ,2005/12/08,CS6
タベルナ2000,2005/12/08,CS6
ます,2006/01/05,PSP1
ホルディリディア,2006/02/07,PSP1
殻をつけた雛鳥の踊り,2006/03/07,PSP1
POP STAR,2006/03/23,AC8
超特急,2006/03/23,AC8
Butterfly,2006/03/23,AC8
ジョバイロ,2006/03/23,AC8
カルマ,2006/03/23,AC8
僕のキモチ,2006/03/23,AC8
涙そうそう,2006/03/23,AC8
地上の星,2006/03/23,AC8
ロビンソン,2006/03/23,AC8
紅,2006/03/23,AC8
モンキー・マジック,2006/03/23,AC8
ルージュの伝言,2006/03/23,AC8
一輪の花,2006/03/23,AC8
波風サテライト,2006/03/23,AC8
Growing of my heart,2006/03/23,AC8
君にジュースを買ってあげる,2006/03/23,AC8
ハグしちゃお,2006/03/23,AC8
にんげんっていいな,2006/03/23,AC8
オトメロディー,2006/03/23,AC8
ウルトラマンマックス,2006/03/23,AC8
まかせて★スプラッシュ☆スター★,2006/03/23,AC8
渡る世間は鬼ばかり テーマ,2006/03/23,AC8
スーパーマリオブラザーズ,2006/03/23,AC8
ゼルダの伝説のテーマ,2006/03/23,AC8
スライムもりもりドラゴンクエスト2 大戦車としっぽ団,2006/03/23,AC8
魔法をかけて！,2006/03/23,AC8
大打音,2006/03/23,AC8
ラ・モレーナ・クモナイ,2006/03/23,AC8
粉雪,2006/09/07,PSP2
フレンジャー,2006/09/07,PSP2
全力少年,2006/09/07,PSP2
リルラリルハ,2006/09/07,PSP2
桜,2006/09/07,PSP2
Romanticが止まらない,2006/09/07,PSP2
晴れる道,2006/09/07,PSP2
sakura,2006/09/07,PSP2
CAT'S EYE,2006/09/07,PSP2
オーソレミオ(私の太陽),2006/09/07,PSP2
MOSKAU,2006/09/07,PSP2
ロシアの踊り「トレパーク」,2006/09/07,PSP2
ラ・カンパネラ,2006/09/07,PSP2
アメリカンパトロール,2006/09/07,PSP2
「ルスランとリュドミラ」序曲,2006/09/07,PSP2
シンフォニックメドレー第1番,2006/09/07,PSP2
双頭の鷲の下に,2006/09/07,PSP2
聖者の行進,2006/09/07,PSP2
サーフサイド・サティ,2006/09/07,PSP2
くもまでとどけ！,2006/09/07,PSP2
軽いざわめき,2006/09/07,PSP2
きたさいたま2000,2006/09/07,PSP2
アメイジンググレイス,2006/10/24,PSP2
冒険日和,2006/11/28,PSP2
バイマイメロディー,2006/12/07,CS7
チャンピオーネ,2006/12/07,CS7
気分上々↑↑,2006/12/07,CS7
魔法のコトバ,2006/12/07,CS7
抱いてセニョリータ,2006/12/07,CS7
純情～スンジョン～,2006/12/07,CS7
Real voice,2006/12/07,CS7
恋のつぼみ,2006/12/07,CS7
轟轟戦隊ボウケンジャー,2006/12/07,CS7
BRAND NEW WORLD,2006/12/07,CS7
ユルユルでDE-O!,2006/12/07,CS7
コイクル,2006/12/07,CS7
NEXT LEVEL,2006/12/07,CS7
Re：member,2006/12/07,CS7
Your World,2006/12/07,CS7
ハレ晴レユカイ,2006/12/07,CS7
富士山,2006/12/07,CS7
さくら（春）,2006/12/07,CS7
めだかの兄妹,2006/12/07,CS7
ジングルベル第765番,2006/12/07,CS7
わらべ歌メドレー,2006/12/07,CS7
恋のPecori Lesson,2006/12/07,CS7
やわらか戦車,2006/12/07,CS7
序曲「フィガロの結婚」,2006/12/07,PSP2
アルルの女,2006/12/07,CS7
トルコ行進曲,2006/12/07,CS7
ソウルキャリバーIII,2006/12/07,CS7
マッピーメドレー,2006/12/07,CS7
URBAN TRAIL,2006/12/07,CS7
ちきゅうはたまごっち？！,2006/12/07,CS7
月下美人,2006/12/07,CS7
伝説の祭り,2006/12/07,CS7
卓球de脱臼,2006/12/07,CS7
十露盤2000,2006/12/07,CS7
タイヨウのうた,2006/12/20,AC9
決意の朝に,2006/12/20,AC9
A Perfect Sky,2006/12/20,AC9
Precious,2006/12/20,AC9
愛は勝つ,2006/12/20,AC9
今が大好き,2006/12/20,AC9
「笑うが勝ち!」でGO!,2006/12/20,AC9
スパート！,2006/12/20,AC9
Dang Dang,2006/12/20,AC9
"TONIGHT,TONIGHT,TONIGHT",2006/12/20,AC9
TAKIO'S SOHRAN 2,2006/12/20,AC9
MAGICAL SOUND SHOWER,2006/12/20,AC9
GO MY WAY!!,2006/12/20,AC9
ドラゴンセイバー 水没都市,2006/12/20,AC9
剣士の入場,2007/01/09,PSP2
星条旗よ永遠なれ,2007/02/08,PSP2
ポルカ「雷鳴と稲妻」,2007/03/22,PSP2
メヌエット,2007/04/12,PSP2
夜想曲Op.9-2,2007/05/08,PSP2
Love so sweet,2007/07/26,AC10
アゲ♂アゲ♂EVERY☆騎士,2007/07/26,AC10
三日月,2007/07/26,AC10
千の夜をこえて,2007/07/26,AC10
WINDING ROAD,2007/07/26,AC10
SEVENTH HEAVEN,2007/07/26,AC10
イカSUMMER,2007/07/26,AC10
道,2007/07/26,AC10
Lovin' Life,2007/07/26,AC10
愛しい人へ,2007/07/26,AC10
DANCE2 feat.ソイソース,2007/07/26,AC10
WON'T BE LONG,2007/07/26,AC10
夏のドナサマー,2007/07/26,AC10
ストロベリmelody,2007/07/26,AC10
みかんのうた,2007/07/26,AC10
EZ DO DANCE,2007/07/26,AC10
HOT LIMIT,2007/07/26,AC10
マタアイマショウ,2007/07/26,AC10
Together,2007/07/26,AC10
プリキュア5、スマイル go go!,2007/07/26,AC10
名探偵コナン メイン・テーマ,2007/07/26,AC10
獣拳戦隊ゲキレンジャー,2007/07/26,AC10
Climax Jump,2007/07/26,AC10
ハッピー☆彡,2007/07/26,AC10
ゲゲゲの鬼太郎,2007/07/26,AC10
もってけ！セーラーふく,2007/07/26,AC10
Sha la la -アヤカシNIGHT-,2007/07/26,AC10
銀色の空,2007/07/26,AC10
Hero's Come Back!!,2007/07/26,AC10
Brightdown,2007/07/26,AC10
ALONES,2007/07/26,AC10
Allegro Cantabile,2007/07/26,AC10
プリごろ太マーチ,2007/07/26,AC10
たらこ・たらこ・たらこ,2007/07/26,AC10
ロッキーのテーマ,2007/07/26,AC10
モンタギュー家とキャピュレット家,2007/07/26,AC10
交響曲第7番から,2007/07/26,DS1
熊蜂の飛行,2007/07/26,DS1
クラシックメドレー(ウェディング編),2007/07/26,DS1
幻想即興曲,2007/07/26,DS1
エージェント夜を往く,2007/07/26,AC10
ナムコットメドレー,2007/07/26,AC10
シンフォニック モトス,2007/07/26,AC10
Dual Moon,2007/07/26,AC10
ナックルヘッズ 鷹舞狼吼,2007/07/26,AC10
ヌムジカac.10,2007/07/26,AC10
デザート de 焼肉(サハラ編),2007/07/26,AC10
黒船来航,2007/07/26,AC10
リンダは今日も絶好調,2007/07/26,AC10
てんぢく2000,2007/07/26,AC10
キミにタッチ！,2007/07/26,DS1
太鼓乱舞 皆伝,2007/07/26,DS1
エンジェル ドリーム,2007/09/04,AC10
The Carnivorous Carnival,2007/09/04,AC10
蕾,2008/03/18,AC11
愛唄,2008/03/18,AC11
PEACH,2008/03/18,AC11
Lifetime Respect -女編-,2008/03/18,AC11
イケナイ太陽,2008/03/18,AC11
愛のうた,2008/03/18,AC11
I SHOULD BE SO LUCKY,2008/03/18,AC11
茜色の約束,2008/03/18,AC11
浮世CROSSING,2008/03/18,AC11
小さな掌,2008/03/18,AC11
ここにいるよ feat.青山テルマ,2008/03/18,AC11
メーデー,2008/03/18,AC11
My Sweet Darlin',2008/03/18,AC11
ポリリズム,2008/03/18,AC11
ROCKET DIVE,2008/03/18,AC11
おしりかじり虫,2008/03/18,AC11
夢をかなえてドラえもん,2008/03/18,AC11
炎神戦隊ゴーオンジャー,2008/03/18,AC11
プリキュア5、フル・スロットル GO GO!,2008/03/18,AC11
手と手つないでハートもリンク!!,2008/03/18,AC11
ぷるるんっ！しずくちゃん,2008/03/18,AC11
チャンス！,2008/03/18,AC11
フンダリー ケッタリー,2008/03/18,AC11
Jungle P,2008/03/18,AC11
グロリアス マインド,2008/03/18,AC11
アフターダーク,2008/03/18,AC11
distance,2008/03/18,AC11
DIVE TO WORLD,2008/03/18,AC11
DAYBREAK'S BELL,2008/03/18,AC11
創聖のアクエリオン,2008/03/18,AC11
おもちゃの兵隊の行進,2008/03/18,AC11
豪石！超神ネイガー,2008/03/18,AC11
フコウの国のお姫さま,2008/03/18,AC11
カレ・カノ・カノン,2008/03/18,AC11
ボレロ,2008/03/18,AC11
ラプソディ・イン・ブルー,2008/03/18,AC11
スペランカー,2008/03/18,AC11
バンビーニ,2008/03/18,AC11
名乗り（天上）,2008/03/18,AC11
SPLENDOR,2008/03/18,AC11
URBAN FRAGMENTS,2008/03/18,AC11
エゴエゴアタクシ,2008/03/18,AC11
PaPaPa Love,2008/03/18,AC11
季曲 ～Seasons of Asia～,2008/03/18,AC11
百花繚乱,2008/03/18,AC11
拝啓、学校にて…,2008/03/18,AC11
STAGE 0.ac11,2008/03/18,AC11
EkiBEN2000,2008/03/18,AC11
shiny smile,2008/04/07,AC11
Kamikaze Remix,2008/04/07,AC11
わすれなぐさ,2008/04/07,AC11
ABCの歌,2008/04/24,DS2
恋はみずいろ,2008/04/24,DS2
七色ハーモニー,2008/04/24,DS2
われら無敵のドコン団,2008/04/24,DS2
闇の魂,2008/04/24,DS2
夜桜謝肉祭,2008/05/12,AC11
拝啓、学校にて…(裏譜面),2008/05/15,AC11
羞恥心,2008/12/11,AC12
そばにいるね,2008/12/11,AC12
キセキ,2008/12/11,AC12
虹,2008/12/11,AC12
海雪,2008/12/11,AC12
泣かないで,2008/12/11,AC12
LIFE,2008/12/11,AC12
愛をこめて花束を,2008/12/11,AC12
Prisoner Of Love,2008/12/11,AC12
Pure,2008/12/11,AC12
銀河鉄道999,2008/12/11,AC12
O2,2008/12/11,AC12
ロマンス,2008/12/11,AC12
ヤッターマンの歌(ET-KING),2008/12/11,AC12
きらきらキララ☆彡,2008/12/11,AC12
勇気100％,2008/12/11,AC12
Break the Chain,2008/12/11,AC12
アナタボシ,2008/12/11,AC12
ブルーバード,2008/12/11,AC12
RISE,2008/12/11,AC12
88,2008/12/11,AC12
曇天,2008/12/11,AC12
CHU-BURA,2008/12/11,AC12
激動,2008/12/11,AC12
キン肉マン Go Fight!,2008/12/11,AC12
Over the Future,2008/12/11,AC12
ウッーウッーウマウマ,2008/12/11,AC12
六本木～GIROPPON～,2008/12/11,AC12
俺たちコロコロAge,2008/12/11,Wii1
リパブリック産科,2008/12/11,AC12
「軽騎兵」序曲から,2008/12/11,AC12
スターソルジャーメドレー,2008/12/11,AC12
Shooting Star,2008/12/11,AC12
Do-Dai,2008/12/11,AC12
ソウルキャリバーIV,2008/12/11,AC12
SAMURAI ROCKET,2008/12/11,AC12
神さまのBirthday,2008/12/11,Wii1
風のファンタジー,2008/12/11,AC12
戦国三弦,2008/12/11,AC12
Hole in the wall,2008/12/11,AC12
喫茶レイン,2008/12/11,AC12
Rotter Tarmination,2008/12/11,AC12
ブルちゃんのおや2,2008/12/11,AC12
蓄勢 ～GEAR UP～,2008/12/11,AC12
メンクイミラクル,2008/12/11,AC12
ドン・エンガスの笛吹き,2008/12/11,AC12
X-DAY2000,2008/12/11,AC12
ハッピーでリッパ！,2008/12/11,Wii1
DON'T CUT,2009/01/15,AC12
らんぶる乱舞,2009/01/15,AC12
響け！太鼓の達人(裏譜面),2009/01/15,AC12
ひまわり,2009/07/14,AC12増
歩み,2009/07/14,AC12増
ニホンノミカタ,2009/07/14,AC12増
366日,2009/07/14,AC12増
気まぐれロマンティック,2009/07/14,AC12増
素直になれたら,2009/07/14,AC12増
Punishment,2009/07/14,AC12増
メルト,2009/07/14,AC12増
踊れ・どれ・ドラ ドラえもん音頭,2009/07/14,AC12増
ハイタッチ！,2009/07/14,AC12増
侍戦隊シンケンジャー,2009/07/14,AC12増
Let's!フレッシュプリキュア！,2009/07/14,AC12増
Journey through the Decade,2009/07/14,AC12増
しゅごしゅご！,2009/07/14,AC12増
トライアングラー,2009/07/14,AC12増
Dragon Soul,2009/07/14,AC12増
Tank!,2009/07/14,AC12増
NIGHT OF FIRE,2009/07/14,AC12増
I Was Born To Love You,2009/07/14,AC12増
序曲IX,2009/07/14,AC12増
キラメキラリ,2009/07/14,AC12増
TE-20,2009/07/14,AC12増
フューチャー・ラボ,2009/07/14,AC12増
ユウガオノキミ,2009/07/14,AC12増
Many wow bang!,2009/07/14,AC12増
ねがいごと☆ぱずる,2009/07/14,AC12増
亜空間遊泳ac12.5,2009/08/27,AC12増
I Want,2009/09/10,AC12増
風雲！バチお先生(裏譜面),2009/09/10,AC12増
友情ぽっぷ,2009/09/24,AC12増
Naked Glow,2009/10/01,AC12増
ハロー！ハロウィン,2009/10/01,AC12増
燎原ノ舞,2009/10/15,AC12増
はやさいたま2000,2009/10/15,AC12増
遥か,2009/11/19,Wii2
Be your wings,2009/11/19,Wii2
ファミリードンドン,2009/11/19,Wii2
ラブ・ストーリーは突然に,2009/11/19,Wii2
Let's!フレッシュプリキュア！ ～Hybrid ver.～,2009/11/19,Wii2
ホタルノヒカリ,2009/11/19,Wii2
ケロッ！とマーチ,2009/11/19,Wii2
練習曲Op.10-4,2009/11/19,Wii2
“HELLO!!”,2009/11/19,Wii2
シンフォニック ドルアーガ,2009/11/19,Wii2
ららら☆ハッピネス,2009/11/19,Wii2
SORA-I アースライズ,2009/11/19,Wii2
SORA-II グリーゼ581,2009/11/19,Wii2
ヒカリノカナタヘ,2009/11/19,Wii2
ワルルーさまの歌を聴けぇ！,2009/11/19,Wii2
オブセッション・ラティーノ,2009/11/19,Wii2
風雲志士,2009/11/19,Wii2
旋風ノ舞【地】,2009/11/19,Wii2
FIREWORKS,2009/12/17,AC13
プルメリア～花唄～,2009/12/17,AC13
嘘,2009/12/17,AC13
Love Forever,2009/12/17,AC13
はまぐりボンバー,2009/12/17,AC13
にんげんっていいな（ガガガDXver.）,2009/12/17,AC13
風になりたい,2009/12/17,AC13
LOVE 2000,2009/12/17,AC13
俺ら東京さ行ぐだ,2009/12/17,AC13
ワールドイズマイン,2009/12/17,AC13
めちゃモテ I LOVE YOU,2009/12/17,AC13
W-B-X ～W‐Boiled Extreme～,2009/12/17,AC13
School Days,2009/12/17,AC13
少女S,2009/12/17,AC13
Stairway Generation,2009/12/17,AC13
止マレ！,2009/12/17,AC13
大改造！！劇的ビフォーアフターメドレー,2009/12/17,AC13
ピラメキたいそう 太鼓の達人バージョン,2009/12/17,AC13
パンパカパンツ,2009/12/17,AC13
モンスターハンターメドレー,2009/12/17,AC13
PENETRATION,2009/12/17,AC13
スタートリゴンのテーマ,2009/12/17,AC13
めたるぽりす,2009/12/17,AC13
常闇の森 序章「邪神復活の夜」,2009/12/17,AC13
旋風ノ舞【天】,2009/12/17,AC13
トータル・エクリプス 2035,2009/12/17,AC13
はたラク2000,2009/12/17,AC13
きたさいたま200,2009/12/17,AC13
塊オンザウィングス,2010/01/28,AC13
夢色コースター,2010/03/11,AC13
蛻変 ～transformation～,2010/03/11,AC13
黄ダルマ2000,2010/04/01,AC13
mint tears,2010/04/22,AC13
きみのあかり,2010/04/22,AC13
オーバーマスター,2010/05/19,PSP2
No Way Back,2010/06/16,PSP2
じょいふる,2010/07/01,DS3
春夏秋冬,2010/07/01,DS3
RIVER,2010/07/01,DS3
Sign,2010/07/01,DS3
天装戦隊ゴセイジャー,2010/07/01,DS3
Alright! ハートキャッチプリキュア！,2010/07/01,DS3
ハピハピ,2010/07/01,DS3
サイコー・エブリデイ！,2010/07/01,DS3
となりのトトロ,2010/07/01,DS3
崖の上のポニョ,2010/07/01,DS3
まねきねこダックの歌,2010/07/01,DS3
スリラー,2010/07/01,DS3
パパマママック,2010/07/01,DS3
お菓子刑事の歌,2010/07/01,DS3
クープランの墓,2010/07/01,DS3
シンフォニック ワルキューレ,2010/07/01,DS3
KAGYUKIYO,2010/07/01,DS3
メタルホーク BGM1,2010/07/01,DS3
戦え！T3防衛隊 ～GDI mix～,2010/07/01,DS3
relations,2010/07/01,DS3
どろろんガール,2010/07/01,DS3
百鬼夜行,2010/07/01,DS3
天妖ノ舞,2010/07/01,DS3
Sweet Lay,2010/07/01,DS3
バブリィ☆クイーン,2010/07/01,DS3
大多羅捌伍伍壱,2010/07/01,DS3
地獄の大王,2010/07/01,DS3
ディープ・クレンジング,2010/07/07,iOS
太陽とビキニ,2010/07/23,iOS
FUNKASTIC,2010/07/23,iOS
JOINT,2010/07/23,iOS
楽園ベイベー,2010/07/23,iOS
SPEED KING,2010/07/23,iOS
どかーん,2010/08/09,iOS
ルパン三世,2010/08/09,iOS
狙いうち,2010/08/09,iOS
オオカミ少年ケンのテーマ,2010/08/09,iOS
西部警察PARTII,2010/08/09,iOS
IN THE ZONE,2010/08/18,PSP2
Ring a Ding Dong,2010/09/08,AC14
Butterfly(木村カエラ),2010/09/08,AC14
LOVE RAIN ～恋の雨～,2010/09/08,AC14
ポニーテールとシュシュ,2010/09/08,AC14
VICTORY,2010/09/08,AC14
ヒーロー,2010/09/08,AC14
また君に恋してる,2010/09/08,AC14
LOVEずっきゅん,2010/09/08,AC14
毎日かあさん,2010/09/08,AC14
勝って泣こうゼッ！,2010/09/08,AC14
透明だった世界,2010/09/08,AC14
レイン,2010/09/08,AC14
GO-GO たまごっち！,2010/09/08,AC14
LISTEN TO THE STEREO!!,2010/09/08,AC14
バクチ・ダンサー,2010/09/08,AC14
君が主役さっ！,2010/09/08,AC14
"My Soul,Your Beats!",2010/09/08,AC14
龍馬伝,2010/09/08,AC14
ブラック★ロックシューター,2010/09/08,AC14
Onaraはずかしくないよ,2010/09/08,AC14
DESERT STORM,2010/09/08,AC14
NECOLOGY,2010/09/08,AC14
SORA-III ヘリオポーズ,2010/09/08,AC14
タイコタイム,2010/09/08,AC14
春遊 ～happy excursion～,2010/09/08,AC14
負け犬返上,2010/10/01,AC14
アルムジカac14.0V,2010/11/04,AC14
キミがいる,2010/12/02,Wii3
タマシイレボリューション,2010/12/02,Wii3
さんぽ,2010/12/02,Wii3
One day,2010/12/02,Wii3
ユカイ ツーカイ怪物くん,2010/12/02,Wii3
道化師の朝の歌,2010/12/02,Wii3
New スーパーマリオブラザーズ Wii,2010/12/02,Wii3
L・O・B・M,2010/12/02,Wii3
Doom Noiz,2010/12/02,Wii3
ヒカリノカナタヘ(裏譜面),2010/12/02,AC14
ポップコーン★パレード,2010/12/02,Wii3
イカサマパイレーツ,2010/12/02,Wii3
テルミン狂想曲,2010/12/02,Wii3
Dream Tide,2010/12/02,Wii3
宇宙SAMURAI,2010/12/02,Wii3
Black Rose Apostle,2010/12/02,Wii3
万戈イム－一ノ十,2010/12/02,Wii3
ウルトラセブンの歌,2010/12/09,iOS
帰ってきたウルトラマン,2010/12/09,iOS
ウルトラマンタロウ,2010/12/09,iOS
ウルトラマンA,2010/12/09,iOS
運命のしずく～Destiny's star～,2010/12/16,iOS
新しい光,2010/12/16,iOS
KARMA(Tatsujin Mix),2011/01/06,AC14
SORA-IV ブンパソング,2011/02/03,AC14
Mulberry,2011/03/03,AC14
〆ドレー2000,2011/04/01,AC14
ソニック4 エピソードI メドレー,2011/04/25,iOS
CHAOS RINGS,2011/04/25,iOS
またさいたま2000,2011/07/07,AC14
LOVE戦!!,2011/07/07,AC14
ヘビーローテーション,2011/07/14,PSPDX
よく遊びよく学べ,2011/07/14,PSPDX
I Wish For You,2011/07/14,PSPDX
ありがとう,2011/07/14,PSPDX
ラヴァーズ,2011/07/14,PSPDX
ライオン,2011/07/14,PSPDX
No buts!,2011/07/14,PSPDX
ガツガツ！！,2011/07/14,PSPDX
MISTER,2011/07/14,PSPDX
情熱大陸,2011/07/14,PSPDX
亡き王女のためのパヴァーヌ,2011/07/14,PSPDX
MachineGun Kiss,2011/07/14,PSPDX
The world is all one !!,2011/07/14,PSPDX
無慈悲な王,2011/07/14,PSPDX
初音ミクの激唱,2011/07/14,PSPDX
SMOKY THRILL,2011/07/14,PSPDX
ドコDON☆まつリズム,2011/07/14,PSPDX
カナデア,2011/07/14,PSPDX
SORA-V コズミックバード,2011/07/14,PSPDX
わんにゃーワールド,2011/07/14,PSPDX
オールナイトdeインデナイ,2011/07/14,PSPDX
マジカル・リトル・スペースシップ,2011/07/14,PSPDX
白猫きゃらめる夢幻のわたあめ,2011/07/14,PSPDX
White Rose Insanity,2011/07/14,PSPDX
蒼の旋律,2011/07/14,PSPDX
犬吠える,2011/07/14,PSPDX
サイクル・オブ・リバース,2011/07/14,PSPDX
パステル ドリーム,2011/07/14,PSPDX
渚のアンドロメダ,2011/07/14,PSPDX
桃源郷エイリアン,2011/08/11,PSPDX
月影SASURAI,2011/08/11,PSPDX
カロン,2011/09/07,PSPDX
ザストゥールの魔導書,2011/09/07,PSPDX
笑顔にカンパイ！,2011/10/12,PSPDX
READY!!,2011/11/09,PSPDX
ミーナのおやしき,2011/11/09,PSPDX
風は吹いている,2011/11/16,初代
Everyday、カチューシャ,2011/11/16,初代
ラブレター,2011/11/16,初代
maximum the hormone,2011/11/16,初代
新しい光(9mm),2011/11/16,初代
海賊戦隊ゴーカイジャー,2011/11/16,初代
ラ♪ラ♪ラ♪スイートプリキュア♪,2011/11/16,初代
ベストウイッシュ!,2011/11/16,初代
1 ドリーム,2011/11/16,初代
Hacking to the Gate,2011/11/16,初代
コネクト,2011/11/16,初代
マル・マル・モリ・モリ!,2011/11/16,初代
テイルズ オブ ジ アビス,2011/11/16,初代
Venomous,2011/11/16,初代
My Mine,2011/11/16,初代
初音ミクの消失‐劇場版‐,2011/11/16,初代
ダンバ・ダンバ・ディン・ダン,2011/11/16,初代
3Q-4U-AC00,2011/11/16,初代
地平線のエオリア,2011/11/16,初代
MATSURI D／A,2011/11/16,初代
想いを手に願いを込めて,2011/11/16,初代
"ヘイ,ミスタープロフェッサー",2011/11/16,初代
綻放 ～Blooming～,2011/11/16,初代
リバイバー,2011/11/16,初代
Growing Up,2011/11/16,初代
隼,2011/11/16,初代
ドドンガド～ン,2011/11/16,初代
サンバ アレグリーア,2011/11/16,初代
The Magician's Dream,2011/11/16,初代
マーブルハート,2011/11/16,初代
Red Rose Evangel,2011/11/16,初代
ポケモン言えるかな?BW,2011/11/23,Wii4
ウィーアー！(初代),2011/11/23,Wii4
モノローグ,2011/11/23,Wii4
ウサビッチ・メドレー ～太鼓の時間～,2011/11/23,Wii4
ヘ調の協奏曲 第3楽章,2011/11/23,Wii4
筋肉のような僕ら,2011/11/23,Wii4
ももいろ♪太鼓パラダイス,2011/11/23,Wii4
dance storm,2011/11/23,Wii4
らいとにんぐ ぱっしょん,2011/11/23,Wii4
駄々っ子モンスター,2011/11/23,Wii4
Blue Rose Ruin,2011/11/23,Wii4
いとしのミルさま,2011/11/23,Wii4
風のなかに巣をくふ小鳥,2011/11/23,Wii4
君のプラネット,2011/12/07,PSPDX
久遠の夜,2012/01/12,PSPDX
GERMINATION,2012/03/08,PSPDX
Rising Sun,2012/03/13,初代
ウィーゴー！,2012/03/13,初代
Switch On!,2012/03/13,初代
冬竜 ～Toryu～,2012/03/13,初代
365日のラブストーリー。,2012/04/12,PSPDX
花漾 ～Flourishing Blossoms～,2012/04/12,PSPDX
バスターズ レディーゴー！,2012/04/17,初代
Let's go! スマイルプリキュア！,2012/04/17,初代
Extreme MGG★★★,2012/04/17,初代
ミュージック・リボルバー,2012/04/17,初代
歩いていこう,2012/05/10,PSPDX
クルクルクロックル,2012/05/10,PSPDX
迅風丸,2012/07/03,初代
フライングゲット,2012/07/12,3DS1
ミセナイナミダハ、きっといつか,2012/07/12,3DS1
PON PON PON,2012/07/12,3DS1
女々しくて,2012/07/12,3DS1
KISS KISS BANG BANG,2012/07/12,3DS1
おしりの山はエベレスト,2012/07/12,3DS1
キラキラ Every day,2012/07/12,3DS1
おはよう！シャイニング・デイ,2012/07/12,3DS1
ワンダーランド,2012/07/12,3DS1
Tell Your World,2012/07/12,3DS1
パリのアメリカ人,2012/07/12,3DS1
モンスターハンター3(トライ)G メドレー,2012/07/12,3DS1
Fighter's Honor (Flying Remix),2012/07/12,3DS1
ソウルキャリバーV,2012/07/12,3DS1
Wasabi Body Blow,2012/07/12,3DS1
きゅんっ！ヴァンパイアガール,2012/07/12,3DS1
AWAKE,2012/07/12,3DS1
アサルト BGM1,2012/07/12,3DS1
キミと響くハーモニー,2012/07/12,3DS1
Amanda,2012/07/12,3DS1
Sweet Sweet Magic,2012/07/12,3DS1
宝の丘,2012/07/12,3DS1
マオウのショウタイム,2012/07/12,3DS1
スーハー2000,2012/07/12,3DS1
行くぜっ！怪盗少女 -Z ver.-,2012/07/25,KATSU-DON
行くぜっ！怪盗少女 ‐Z ver.‐,2012/07/25,KATSU-DON
Telecastic fake show,2012/07/25,KATSU-DON
バイマイサイド,2012/07/25,KATSU-DON
Can Do,2012/07/25,KATSU-DON
ペガサス幻想,2012/07/25,KATSU-DON
キルミーのベイベー！,2012/07/25,KATSU-DON
オリオンをなぞる,2012/07/25,KATSU-DON
マトリョシカ,2012/07/25,KATSU-DON
モザイクロール,2012/07/25,KATSU-DON
十面相 colorful ver.,2012/07/25,KATSU-DON
おてもやん,2012/07/25,KATSU-DON
ドラゴンボールヒーローズ ギャラクシーミッションシリーズ テーマソング,2012/07/25,KATSU-DON
七彩ボタン,2012/07/25,KATSU-DON
ファミレスウォーズ,2012/07/25,KATSU-DON
Phantom Rider,2012/07/25,KATSU-DON
Fly away,2012/07/25,KATSU-DON
忍者は最高,2012/07/25,KATSU-DON
ゴーゴー幽霊船,2012/07/26,PSPDX
ドキドキ胸きゅん おまつりタイム,2012/07/26,PSPDX
DIMENSIONS,2012/07/26,PSPDX
散りゆく蘭の綴る詩,2012/08/02,KATSU-DON
Walking Through The Towers,2012/08/10,iOS
ソードバトラーズ,2012/09/02,KATSU-DON
真夏のSounds good!,2012/09/27,KATSU-DON
風が吹いている,2012/09/27,KATSU-DON
Shine,2012/09/27,KATSU-DON
イエス,2012/09/27,KATSU-DON
ずっとずっとトモダチ,2012/09/27,KATSU-DON
ハルウタ,2012/09/27,KATSU-DON
序曲 ドラゴンクエストXより,2012/09/27,KATSU-DON
和蘭撫子,2012/09/27,PSPDX
恋の処方箋,2012/09/27,PSPDX
花オト裏拍子,2012/10/25,PSPDX
風の国の龍と騎士,2012/10/25,PSPDX
ドレミファソライロ,2012/11/02,KATSU-DON
Life is SHOW TIME,2012/11/02,KATSU-DON
junction,2012/11/02,KATSU-DON
Purple Rose Fusion,2012/11/23,KATSU-DON
S,2012/11/27,KATSU-DON
突撃ロック,2012/11/27,
ポケットモンスターブラック2・ホワイト2,2012/11/27,KATSU-DON
つけまつける,2012/11/29,Wii5
やじるしになって！,2012/11/29,Wii5
君をのせて,2012/11/29,Wii5
情熱で胸アツ！,2012/11/29,Wii5
I★my★me★mine,2012/11/29,Wii5
千本桜,2012/11/29,Wii5
火星,2012/11/29,Wii5
RAGE v. self,2012/11/29,PSPDX
グレート!アニマルカイザー!!,2012/11/29,Wii5
テイルズ オブ エクシリア メドレー,2012/11/29,Wii5
MUSIC♪,2012/11/29,Wii5
Angel Halo,2012/11/29,Wii5
3piece-JazzParty!,2012/11/29,PSPDX
どきどき☆どんちゃん騒ぎ,2012/11/29,Wii5
おばけのお仕事,2012/11/29,Wii5
ニッティング・ハイ,2012/11/29,Wii5
ラーメン de Yo-Men!!,2012/11/29,Wii5
崩冠の紅月 破章「嘆きの姫」,2012/11/29,Wii5
〆ドレー2000＋,2012/12/20,PSPDX
ボクハシンセ,2013/02/02,KATSU-DON
UZA,2013/03/13,ソライロ
会いたかった,2013/03/13,ソライロ
24karats TRIBE OF GOLD,2013/03/13,ソライロ
サラバ、愛しき悲しみたちよ,2013/03/13,ソライロ
ファッションモンスター,2013/03/13,ソライロ
チョコレイト・ディスコ,2013/03/13,ソライロ
夜の踊り子,2013/03/13,ソライロ
LET'S GO OUT,2013/03/13,ソライロ
V.I.P,2013/03/13,ソライロ
ETERNAL BLAZE,2013/03/13,ソライロ
INSIDE IDENTITY,2013/03/13,ソライロ
ジョジョ ～その血の運命～,2013/03/13,ソライロ
人生リセットボタン,2013/03/13,ソライロ
チルドレンレコード,2013/03/13,ソライロ
IMITATION BLACK,2013/03/13,ソライロ
卑怯戦隊うろたんだー,2013/03/13,ソライロ
あたりまえ体操,2013/03/13,ソライロ
ココロ転がせっ！,2013/03/13,ソライロ
Highschool love!,2013/03/13,ソライロ
零の夜想曲,2013/03/13,ソライロ
Phoenix,2013/03/13,ソライロ
リスドンヴァルナの黄昏,2013/03/13,ソライロ
豊穣弥生,2013/03/13,ソライロ
ナイトメア・サバイバー,2013/03/13,ソライロ
A New Journey,2013/03/25,iOS
The Orb Festival,2013/03/25,iOS
春竜 ～Haryu～,2013/04/02,ソライロ
Dance My Generation,2013/04/18,ソライロ
Happy Go Lucky! ドキドキ！プリキュア,2013/04/18,ソライロ
VAMOLA!キョウリュウジャー,2013/04/18,ソライロ
SORA-VI 火ノ鳥,2013/06/02,ソライロ
夜咄ディセイブ,2013/06/19,ソライロ
延命治療,2013/06/19,ソライロ
放課後ストライド,2013/06/26,ソライロ
珈琲の味と,2013/06/26,ソライロ
重金属フューギティブ,2013/06/26,ソライロ
ドキドキ恋の予感！？,2013/06/26,ソライロ
にんじんにん,2013/06/26,ソライロ
にんじゃりばんばん,2013/07/11,ソライロ
さよならクロール,2013/07/11,ソライロ
ダイヤモンドハッピー,2013/07/11,ソライロ
ゲラゲラと笑うな,2013/07/11,ソライロ
みくみくにしてあげる♪【してやんよ】,2013/07/11,ソライロ
紅蓮の弓矢,2013/07/24,ソライロ
Preserved Roses,2013/07/24,ソライロ
Eternal bond,2013/07/24,ソライロ
愛想笑い,2013/07/24,ソライロ
化物月夜,2013/07/24,ソライロ
きゃりーANAN,2013/08/08,iOS
CANDY CANDY,2013/08/08,iOS
虹色の戦争,2013/08/27,ソライロ
D's Adventure Note,2013/08/27,ソライロ
大空と太鼓の踊り,2013/08/27,ソライロ
ツンデレCafeへようこそ☆,2013/08/27,ソライロ
DEBSTEP!,2013/08/27,ソライロ
夜櫻ブレヰダアズ,2013/08/27,ソライロ
あまちゃん,2013/09/27,iOS
カラ鞠の花,2013/10/16,ソライロ
Calculator,2013/10/16,ソライロ
Hurtling Boys,2013/10/16,ソライロ
時空庁時空1課,2013/11/02,ソライロ
ロックン・ハート！,2013/11/05,iOS
みらくる☆トラベル,2013/11/05,iOS
いつかいつか,2013/11/05,iOS
インベーダーインベーダー,2013/11/21,Wii U1
ももいろ太鼓どどんが節,2013/11/21,Wii U1
1 2 3～恋がはじまる～,2013/11/21,Wii U1
Flower Song,2013/11/21,Wii U1
月と太陽,2013/11/21,Wii U1
HANDS UP!,2013/11/21,Wii U1
豪食マイウェイ！！,2013/11/21,Wii U1
ガチで勝とうゼッ！,2013/11/21,Wii U1
ポケットモンスター X・Y 野生ポケモン戦メドレー,2013/11/21,Wii U1
おしえて くまとも,2013/11/21,Wii U1
Pastel Sealane,2013/11/21,Wii U1
あつまれ☆太鼓まつり！,2013/11/21,Wii U1
エレクトリック・ポストマン,2013/11/21,Wii U1
うさぎのしっぽ,2013/11/21,Wii U1
ロボットロケンロー☆,2013/11/21,Wii U1
アレキサンダーのテーマ,2013/11/21,Wii U1
ねぇ教えて,2013/11/21,Wii U1
曙光 ～Dawn～,2013/11/21,Wii U1
KIRA☆Power,2013/12/11,モモイロ
ウルトラマンギンガの歌,2013/12/11,モモイロ
マジLOVE2000%,2013/12/11,モモイロ
マジLOVE2000％,2013/12/11,モモイロ
いーあるふぁんくらぶ,2013/12/11,モモイロ
脳漿炸裂ガール,2013/12/11,モモイロ
ポケットモンスター X・Y トレーナー戦メドレー,2013/12/11,モモイロ
くらえ！ブットバースト!!,2013/12/11,モモイロ
Honey Heartbeat ～10 Stars Mix～,2013/12/11,モモイロ
Wings of Tomorrow (Tatsujin Mix),2013/12/11,モモイロ
The Windmill Song,2013/12/11,モモイロ
東京特許キョ許可局局長!!,2013/12/11,モモイロ
うそうそ時,2013/12/11,モモイロ
少女の神の粒子,2013/12/11,モモイロ
そつおめしき,2013/12/11,モモイロ
The Other self,2013/12/18,Wii U1
鳳凰天舞無限崩れ,2014/01/02,モモイロ
恋するフォーチュンクッキー,2014/01/15,モモイロ
JUST LIVE MORE,2014/01/15,モモイロ
V（ボルト）,2014/01/15,モモイロ
ゲラゲラポーのうた,2014/01/15,モモイロ
エキセントリックw,2014/01/15,モモイロ
ナイト・オブ・ナイツ,2014/01/15,モモイロ
Bad Apple!! feat.nomico,2014/01/15,モモイロ
モンスターハンター4 メドレー,2014/01/15,モモイロ
僕らは今のなかで,2014/02/19,モモイロ
地球を回せっ！,2014/02/19,モモイロ
NeGa／PoSi*ラブ／コール,2014/02/19,モモイロ
Grip ＆ Break down !! -達人Edit.-,2014/02/19,モモイロ
チルノのパーフェクトさんすう教室,2014/02/19,モモイロ
さかさま世界,2014/02/19,モモイロ
魔法の喫茶店,2014/03/02,モモイロ
カゲロウデイズ,2014/03/19,モモイロ
バルーンファイト（バルーントリップ）,2014/03/19,Wii U1
ドクターマリオ(Fever),2014/03/19,Wii U1
ゼルダの伝説,2014/03/19,Wii U1
ファミコンリミックス,2014/03/19,Wii U1
烈車戦隊トッキュウジャー,2014/04/17,モモイロ
ハピネスチャージプリキュア!WOW!,2014/04/17,モモイロ
電車で電車でGO!GO!GO!GC! -GMT remix-,2014/04/17,モモイロ
ファンタジーゾーン OPA-OPA! -GMT remix-,2014/04/17,モモイロ
RIDGE RACER STEPS -GMT remix-,2014/04/17,モモイロ
くまもとサプライズ！,2014/04/23,Wii U1
電車で電車で OPA!OPA!OPA! -GMT mashup-,2014/05/08,モモイロ
オパ！オパ！RACER -GMT mashup-,2014/05/08,モモイロ
リッジでリッジで GO!GO!GO! -GMT mashup-,2014/05/08,モモイロ
ドンカマ2000,2014/06/02,モモイロ
幽玄ノ乱,2014/06/15,モモイロ
もったいないとらんど,2014/06/26,3DS2
今、咲き誇る花たちよ,2014/06/26,3DS2
RPG,2014/06/26,3DS2
believe in you,2014/06/26,iOS
本日ハ晴天ナリ,2014/06/26,iOS
冒険者たち,2014/06/26,iOS
遠くまで,2014/06/26,iOS
Desire,2014/06/26,iOS
SHINING LINE*,2014/06/26,3DS2
キミに100パーセント,2014/06/26,3DS2
Wake up!,2014/06/26,3DS2
Let It Go～ありのままで～,2014/06/26,3DS2
六兆年と一夜物語,2014/06/26,3DS2
ふな ふな ふなっしー♪,2014/06/26,3DS2
カールのうた秋 池のほとり篇,2014/06/26,3DS2
買ってロック,2014/06/26,3DS2
弩蚊怒夏,2014/06/26,3DS2
ONLY MY NOTE,2014/06/26,3DS2
Night And Day,2014/06/26,3DS2
超時空アドベンチャー,2014/06/26,3DS2
セイクリッド ルイン,2014/06/26,3DS2
super star shooter,2014/06/26,3DS2
ぷるぷるしんぷる,2014/06/26,3DS2
オレサマパイレーツ,2014/06/26,3DS2
Time to dine,2014/06/26,3DS2
きらきらキラー,2014/07/09,iOS
ふりそでーしょん,2014/07/09,iOS
ファミリーパーティー,2014/07/16,キミドリ
恋音と雨空,2014/07/16,キミドリ
イマジネーション,2014/07/16,キミドリ
天ノ弱,2014/07/16,キミドリ
月に叢雲華に風,2014/07/16,キミドリ
ネクロファンタジア ～ Arr.Demetori,2014/07/16,キミドリ
ケロ9destiny,2014/07/16,キミドリ
カラメルタイム☆,2014/07/16,キミドリ
電子ドラムの達人,2014/07/16,キミドリ
がしゃどくろ,2014/07/16,キミドリ
夏竜 ～Karyu～,2014/08/02,キミドリ
ごめんなさいのKissing You,2014/08/06,キミドリ
ラブソングはとまらないよ,2014/08/06,キミドリ
ようかい体操第一,2014/08/06,キミドリ
君の知らない物語,2014/08/06,キミドリ
BORDERLESS,2014/08/06,キミドリ
ぶぎ ぶぎ ふなっしー♪,2014/08/06,キミドリ
G意識過剰,2014/08/06,キミドリ
決戦!!,2014/09/08,iOS
喧嘩上等,2014/09/10,キミドリ
FUTURE FISH,2014/09/10,キミドリ
ワールズエンド・ダンスホール,2014/09/10,キミドリ
僕らの世界にダンスを,2014/09/10,キミドリ
夢幻の蒼空,2014/09/10,キミドリ
双竜ノ乱,2014/09/10,キミドリ
Xa,2014/09/10,キミドリ
ピコピコ マッピー,2014/10/01,キミドリ
ゆれるプリーツ実行委員,2014/10/01,キミドリ
ピコピコ ルイン,2014/10/01,キミドリ
Day by Day!,2014/10/02,キミドリ
Du-Du-Wa DO IT!!,2014/10/29,キミドリ
ドラゴンボールヒーローズ 邪悪龍ミッションシリーズ テーマソング,2014/10/29,キミドリ
光る闇,2014/10/29,キミドリ
Got more raves?,2014/10/29,キミドリ
Garakuta Doll Play,2014/10/29,キミドリ
FLOWER,2014/10/29,キミドリ
ヤマタイ★ナイトパーティー,2014/10/29,キミドリ
イオシス秋の肉食祭2014,2014/10/29,キミドリ
東京ソーダ 8Bit Edit,2014/11/18,キミドリ
炎と森のカーニバル,2014/11/20,Wii U2
ラブラドール・レトリバー,2014/11/20,Wii U2
雪だるまつくろう,2014/11/20,3DS2
「HERO」 -Main Title-,2014/11/20,Wii U2
モンスターハンター4G メドレー,2014/11/20,Wii U2
Sunset Runaway,2014/11/20,Wii U2
もりもり☆特盛リズム♪,2014/11/20,Wii U2
蝶戀 ～Obsession～,2014/11/20,Wii U2
VERTeX,2014/11/26,キミドリ
FUJIN Rumble,2014/11/26,キミドリ
Scars of FAUNA,2014/11/26,キミドリ
Ignis Danse,2014/11/26,キミドリ
Evidence of evil,2014/12/02,キミドリ
Highschool・love,2014/12/09,キミドリ
ダン・ダン ドゥビ・ズバー！,2014/12/09,キミドリ
愛×愛ホイッスル（カレーメシ公式曲）,2014/12/09,キミドリ
「ポケットモンスター オメガルビー・アルファサファイア」,2014/12/09,キミドリ
自分REST@RT,2014/12/09,キミドリ
M@STERPIECE,2014/12/09,キミドリ
闇の魔法少女,2014/12/09,キミドリ
Shiny Kung-fu Revival,2015/01/02,キミドリ
SURPRISE‐DRIVE,2015/01/29,キミドリ
Star!!,2015/01/29,キミドリ
"Help me, ERINNNNNN!!",2015/01/29,キミドリ
Endless Seeker,2015/01/29,キミドリ
妖怪ウォッチ2 元祖／本家／真打,2015/01/29,キミドリ
お願い！シンデレラ,2015/01/29,キミドリ
時空庁捜査2課,2015/02/02,キミドリ
祭り囃子でゲラゲラポー,2015/02/26,キミドリ
青春サツバツ論,2015/02/27,iOS
Follow Me,2015/03/11,ムラサキ
Dragon Night,2015/03/11,ムラサキ
Miracle Go! プリンセスプリキュア,2015/03/11,ムラサキ
初恋峠でゲラゲラポー,2015/03/11,ムラサキ
M.S.S.Planet,2015/03/11,ムラサキ
ルカルカ★ナイトフィーバー,2015/03/11,ムラサキ
EDY -エレクトリカルダンシングヨガ-,2015/03/11,ムラサキ
RAINMAKER,2015/03/11,ムラサキ
色は匂へど 散りぬるを,2015/03/11,ムラサキ
幻想のサテライト,2015/03/11,ムラサキ
千鼓千鼓,2015/03/11,ムラサキ
零の狂詩曲,2015/03/11,ムラサキ
魔方陣 -サモン･デルタ-,2015/03/11,ムラサキ
ひまわりの約束,2015/03/19,Wii U2
セルリアン,2015/03/19,Wii U2
ドクターXのテーマ,2015/03/19,Wii U2
君に桜ヒラリと舞う,2015/04/01,ムラサキ
あったかいんだからぁ♪,2015/04/01,ムラサキ
ケラケラじゃんけん,2015/04/01,ムラサキ
さぁ行け！ニンニンジャー！,2015/04/23,ムラサキ
さちさちにしてあげる♪,2015/04/27,ムラサキ
紫煌ノ乱,2015/05/02,ムラサキ
Thank You!,2015/05/05,ムラサキ
ゲッタバンバン,2015/05/28,ムラサキ
Daydream cafe,2015/05/28,ムラサキ
GOIN’!!!,2015/05/28,ムラサキ
ラッスンゴレライ,2015/05/28,ムラサキ
シューガク トラベラーズ,2015/06/02,ムラサキ
待ち受けプリンス,2015/06/04,ムラサキ
マジで…！？,2015/06/11,ムラサキ
華振舞,2015/07/01,ムラサキ
R.Y.U.S.E.I.,2015/07/01,ムラサキ
あなたに恋をしてみました,2015/07/01,ムラサキ
ウルトラマンX,2015/07/01,ムラサキ
ハートスランプ二人ぼっち,2015/07/01,ムラサキ
ナツモノ☆,2015/07/01,ムラサキ
ギミチョコ！！,2015/07/09,PS Vita
デジタルモグラ,2015/07/09,PS Vita
crossing field,2015/07/09,PS Vita
マジLOVE1000％,2015/07/09,PS Vita
ideal white,2015/07/09,PS Vita
BLAZING,2015/07/09,PS Vita
only my railgun,2015/07/09,PS Vita
Butter-Fly,2015/07/09,PS Vita
トゥッティ！,2015/07/09,PS Vita
ロストワンの号哭,2015/07/09,PS Vita
＋♂(プラス男子),2015/07/09,PS Vita
聖槍爆裂ボーイ,2015/07/09,PS Vita
恋愛裁判,2015/07/09,PS Vita
ストリーミングハート,2015/07/09,PS Vita
有頂天ビバーチェ,2015/07/09,PS Vita
ドーナツホール,2015/07/09,PS Vita
千本桜 ver.小林幸子,2015/07/09,PS Vita
チャーリー ダッシュ！,2015/07/09,PS Vita
TO MAKE THE END OF BATTLE,2015/07/09,PS Vita
明日への鼓動,2015/07/09,PS Vita
"Let's 貢献！～恋の懲役は1,000,000年～",2015/07/09,PS Vita
Blood Rage,2015/07/09,PS Vita
テイルズ オブ ゼスティリア メドレー,2015/07/09,PS Vita
Abyss of hell,2015/07/09,PS Vita
Comona,2015/07/09,PS Vita
BLAZING VORTEX,2015/07/09,PS Vita
DIGITAL HORIZON,2015/07/09,PS Vita
Ridge racer (RIDGE RACER USA MIX),2015/07/09,PS Vita
Dr.WILY STAGE 1,2015/07/09,PS Vita
チェインクロニクル 通常バトルメドレー,2015/07/09,PS Vita
戦国BASARA BGMメドレー,2015/07/09,PS Vita
希望へのメロディー,2015/07/09,ムラサキ
絶望へのトッカータ,2015/07/09,PS Vita
≠MM,2015/07/09,PS Vita
黒神クロニクル,2015/07/09,PS Vita
クロス・ブルー,2015/07/09,PS Vita
女帝 ～インバラトゥーラ～,2015/07/09,PS Vita
女神な世界I,2015/07/09,PS Vita
女神な世界II,2015/07/09,PS Vita
ノるどん2000,2015/07/09,PS Vita
Feed A,2015/08/05,ムラサキ
Rising Hope,2015/08/06,PS Vita
ウミユリ海底譚,2015/08/06,PS Vita
チェインクロニクル 最終決戦メドレー,2015/08/06,PS Vita
ガンスリンガーシンデレラ,2015/08/06,PS Vita
Fight the Fanatics,2015/08/10,iOS
ドリームパレード,2015/09/01,ムラサキ
郢曲／暁闇,2015/09/01,ムラサキ
深緋の心臓 ‐SCARLET HEART‐,2015/09/01,ムラサキ
ライコタイコディスコ,2015/09/01,ムラサキ
Ladystar Wandering,2015/09/01,ムラサキ
ブレイクライン,2015/09/02,ムラサキ
閃光の行方,2015/09/03,PS Vita
Shine!!,2015/10/01,ムラサキ
DRIVE A LIVE,2015/10/01,ムラサキ
聖徳たいこの「日いずるまで飛鳥」,2015/10/02,ムラサキ
朱の旋律,2015/10/15,ムラサキ
それは僕たちの奇跡,2015/10/29,ムラサキ
秋竜 ～Shiuryu～,2015/11/02,ムラサキ
Bravely You,2015/11/05,PS Vita
明星ロケット,2015/11/05,PS Vita
指先からはじまる物語,2015/11/05,PS Vita
!!!カオスタイム!!!,2015/11/15,ムラサキ
DREAMERS' PARADISE,2015/11/26,Wii U3
君がくれた夏,2015/11/26,Wii U3
オー！リバル,2015/11/26,Wii U3
360°,2015/11/26,Wii U3
OLA!!,2015/11/26,Wii U3
無敵のガールフレンド,2015/11/26,Wii U3
"Hello,world!",2015/11/26,Wii U3
熱情のスペクトラム,2015/11/26,Wii U3
我ら思う、故に我ら在り,2015/11/26,Wii U3
Hard Knock Days,2015/11/26,Wii U3
自力本願レボリューション,2015/11/26,Wii U3
START DASH SENSATION,2015/11/26,Wii U3
アシタノヒカリ,2015/11/26,Wii U3
DAY×DAY,2015/11/26,Wii U3
風,2015/11/26,Wii U3
ラピスラズリ,2015/11/26,Wii U3
Believe in yourself,2015/11/26,Wii U3
database feat.TAKUMA(10-FEET),2015/11/26,Wii U3
怪盗ミラクル少年ボーイ,2015/11/26,Wii U3
からくりピエロ,2015/11/26,Wii U3
東京テディベア,2015/11/26,Wii U3
まおぅ,2015/11/26,Wii U3
プチポチ,2015/11/26,Wii U3
夜明けまであと3秒,2015/11/26,ムラサキ
とびだせ どうぶつの森 メドレー,2015/11/26,Wii U3
ドラゴンボールヒーローズ ゴッドミッションシリーズ テーマソング,2015/11/26,Wii U3
Baladium's drive,2015/11/26,Wii U3
EAT'EM UP!,2015/11/26,Wii U3
Where is the Target？,2015/11/26,Wii U3
いっしょにあそぼ♪,2015/11/26,Wii U3
迷子のUFO,2015/11/26,Wii U3
カッティアワールの宝剣,2015/11/26,Wii U3
Silent Jealousy,2015/12/03,PS Vita
シュガーソングとビターステップ,2015/12/03,PS Vita
ANTI-HERO,2015/12/10,ホワイト
I my moko,2015/12/10,ホワイト
人生ドラマチック,2015/12/10,ホワイト
Angelic Angel,2015/12/10,ホワイト
Snow halation,2015/12/10,ホワイト
ギガンティックO. T. N,2015/12/10,ホワイト
本能寺の変,2015/12/10,ホワイト
Scream out! -達人Edit.-,2015/12/10,ホワイト
最終鬼畜妹フランドール・S,2015/12/10,ホワイト
アイ MUST GO!,2015/12/10,ホワイト
おはよう！！朝ご飯,2015/12/10,赤盤
私はアイドル,2015/12/10,赤盤
ふるふるフューチャー☆,2015/12/10,赤盤
迷走Mind,2015/12/10,赤盤
目が逢う瞬間,2015/12/10,赤盤
スタ→トスタ→,2015/12/10,赤盤
隣に･･･,2015/12/10,赤盤
フタリの記憶,2015/12/10,赤盤
"Kosmos, Cosmos",2015/12/10,赤盤
いっぱいいっぱい,2015/12/10,赤盤
空,2015/12/10,赤盤
my song,2015/12/10,赤盤
Colorful Days(12 Colors),2015/12/10,赤盤
乙女よ大志を抱け！！,2015/12/10,赤盤
ゲンキトリッパー,2015/12/10,赤盤
黎明スターライン,2015/12/10,赤盤
livE,2015/12/10,赤盤
Next Life,2015/12/10,赤盤
arcadia,2015/12/10,赤盤
ALRIGHT*,2015/12/10,赤盤
フラワーガール,2015/12/10,赤盤
Mythmaker,2015/12/10,赤盤
自転車,2015/12/10,赤盤
ショッキングな彼,2015/12/10,赤盤
リゾラ,2015/12/10,赤盤
Town ～Must Mix～,2015/12/10,赤盤
THE IDOLM@STER 2nd-mix,2015/12/10,青盤
MEGARE!,2015/12/10,青盤
Little Match Girl,2015/12/10,青盤
Alice or Guilty,2015/12/10,青盤
START!!,2015/12/10,青盤
TRIAL DANCE,2015/12/10,青盤
Day of the future,2015/12/10,青盤
tear,2015/12/10,青盤
眠り姫,2015/12/10,青盤
風花,2015/12/10,青盤
何度も言えるよ,2015/12/10,青盤
ジェミー,2015/12/10,青盤
スマイル体操,2015/12/10,青盤
DIAMOND,2015/12/10,青盤
YOU往MY進！,2015/12/10,青盤
ラ・ブ・リ,2015/12/10,青盤
LOVEオーダーメイド,2015/12/10,青盤
CHANGE!!!!,2015/12/10,青盤
約束,2015/12/10,青盤
edeN,2015/12/10,青盤
Vault That Borderline!,2015/12/10,青盤
ビジョナリー,2015/12/10,青盤
虹色ミラクル,2015/12/10,青盤
アクセルレーション,2015/12/10,青盤
Thinking ～Must Mix～,2015/12/10,青盤
We Have A Dream,2015/12/10,青盤
IDOL POWER RAINBOW,2015/12/10,青盤
恋幻想(Love Fantasy),2015/12/10,ホワイト
カグツチ,2015/12/10,ホワイト
KUSANAGI,2015/12/10,ホワイト
New World,2015/12/24,ホワイト
Synchronicity,2015/12/24,ホワイト
マリオネットピュア,2016/01/07,PS Vita
てんびん座急行 夜を行く,2016/01/08,ホワイト
Heaven's Rider,2016/01/15,ホワイト
私以外私じゃないの,2016/01/28,ホワイト
XY＆Z,2016/01/28,ホワイト
Brand-new World,2016/01/28,PS Vita
オール・イン・マイハート,2016/01/28,ホワイト
Raise your flag,2016/02/04,PS Vita
Seize the day,2016/02/04,PS Vita
輝きを求めて,2016/02/11,ホワイト
Choco Chiptune.,2016/02/18,ホワイト
Dokkin 魔法つかいプリキュア！,2016/02/25,ホワイト
QUESTION,2016/02/25,ホワイト
talking,2016/02/25,ホワイト
トオリヨ,2016/02/25,ホワイト
ほうかご☆マジシャン,2016/02/25,ホワイト
銀の意志 Super Arrange Ver.,2016/03/03,PS Vita
オーディオ de カッ！,2016/03/23,ホワイト
私立高天原学園高校・校歌,2016/03/23,ホワイト
My Muscle Heart,2016/03/23,ホワイト
カノン (シンクロニカ Remix),2016/03/31,ホワイト
凛,2016/04/01,ホワイト
食らいむ！まうんとぱふぇ,2016/04/01,ホワイト
よくでる15300,2016/04/01,ホワイト
かくしん的☆めたまるふぉ～ぜっ！,2016/04/07,PS Vita
悲しき蒼穹を翔ける,2016/04/07,PS Vita
ゴーストマスク,2016/04/08,ホワイト
承認欲Q,2016/04/08,ホワイト
Princess of Donder,2016/04/08,ホワイト
SstTAarR*,2016/04/15,ホワイト
超絶技巧系少女,2016/04/15,ホワイト
海の声,2016/04/27,ホワイト
動物戦隊ジュウオウジャー,2016/04/27,ホワイト
一度だけの恋なら,2016/04/27,ホワイト
キミとボクのミライ,2016/04/27,ホワイト
ソラのミチシルベ,2016/04/27,ホワイト
Holding Hands,2016/04/27,ホワイト
Unite The Force,2016/04/27,ホワイト
おにぎりはどこかしら♪,2016/04/29,ホワイト
ココロボ,2016/04/29,ホワイト
クローバー かくめーしょん,2016/05/06,PS Vita
ネテモネテモ,2016/05/25,ホワイト
ひよっこファンタジー,2016/05/25,ホワイト
アサガオ,2016/05/25,ホワイト
冷凍庫CJ ～嗚呼面太鼓ブラザーズ～,2016/05/25,ホワイト
Gloria,2016/05/25,ホワイト
Checkmate!?,2016/06/02,PS Vita
黄泉のイザナミ,2016/06/02,ホワイト
ないものねだり,2016/06/16,3DS3
光るなら,2016/06/16,3DS3
ころころここたま！,2016/06/16,3DS3
ウンタカダンス,2016/06/16,3DS3
海の見える街,2016/06/16,3DS3
セツナトリップ,2016/06/16,3DS3
ハッピーシンセサイザ,2016/06/16,3DS3
なめこのうた,2016/06/16,3DS3
泡沫、哀のまほろば,2016/06/16,3DS3
美しく忙しきドナウ,2016/06/16,3DS3
Diver,2016/06/16,ホワイト
星のカービィメドレー,2016/06/16,3DS3
トラベルナ ～モンスターハンタークロスより～,2016/06/16,3DS3
逆転裁判123メドレー,2016/06/16,3DS3
魔界村(平地BGM),2016/06/16,3DS3
Outride a Crisis,2016/06/16,3DS3
Good-bye my earth,2016/06/16,3DS3
Rising,2016/06/16,3DS3
Lightning Dance,2016/06/16,3DS3
世界はいつでもミステリー,2016/06/16,3DS3
星屑とリニアと僕,2016/06/16,3DS3
ダイエットファイター,2016/06/16,3DS3
まださいたま2000,2016/06/16,3DS3
魔導幻想曲,2016/06/16,3DS3
クレイジービューティー,2016/06/16,3DS3
龍脈の王,2016/06/16,3DS3
束ね糸,2016/06/16,3DS3
PERFECT HUMAN,2016/07/07,3DS3
365日の紙飛行機,2016/07/14,レッド
みんながみんな英雄,2016/07/14,レッド
いけないボーダーライン,2016/07/14,レッド
スタートライン！,2016/07/14,レッド
いつも何度でも,2016/07/14,レッド
ゴーストルール,2016/07/14,レッド
おさかな毎日！さかなクン,2016/07/14,レッド
Over Clock ～開放～,2016/07/14,レッド
天狗囃子,2016/07/14,レッド
夢と現実の境界線,2016/07/14,レッド
アントニオ,2016/07/14,レッド
タイムトラベラー,2016/07/14,レッド
怒りをくれよ,2016/07/23,iOS/AR
バトル‐電光石火‐,2016/07/28,3DS3
オーブの祈り,2016/08/01,iOS/AR
トライ・エヴリシング,2016/08/03,レッド
超絶☆ダイナミック！,2016/08/03,レッド
天照,2016/08/03,レッド
SAKURA EXHAUST,2016/08/03,レッド
世界ふしぎ発見！オープニングテーマ,2016/08/04,3DS3
THE DAY,2016/09/01,3DS3
サイレントマジョリティー,2016/09/14,レッド
友よ ～この先もずっと…,2016/09/14,レッド
Paradisus-Paradoxum,2016/09/14,レッド
とんかつDJアゲ太郎,2016/09/14,レッド
ブラッドサーキュレーター,2016/09/14,レッド
FANTASTIC BABY,2016/09/14,レッド
仙酌絶唱のファンタジア,2016/09/14,レッド
conflict,2016/09/14,レッド
Abandoned Temple Final 2nd,2016/09/14,レッド
VICTORIA,2016/09/14,レッド
ウィーキャン！,2016/09/30,iOS/AR
竜と黒炎の姫君,2016/10/06,3DS3
ミツボシ☆☆★,2016/10/13,レッド
あんずのうた,2016/10/13,レッド
華蕾夢ミル狂詩曲～魂ノ導～,2016/10/13,レッド
チェインクロニクル 総力戦メドレー,2016/10/13,レッド
合唱スタボーフェ！,2016/10/13,レッド
毒LOCANdy,2016/10/14,レッド
Ψです I LIKE YOU,2016/11/10,3DS3
マキシフュージョン,2016/11/10,3DS3
Soup,2016/11/15,レッド
Swan,2016/11/15,レッド
ス・マ・イ・ル,2016/11/15,レッド
ゆーがらお友達,2016/11/15,レッド
EXCITE,2016/11/15,レッド
エイリアンエイリアン,2016/11/15,レッド
スーパードラゴンボールヒーローズ テーマソング,2016/11/15,レッド
マサカリブレイド,2016/11/18,レッド
ワタリドリ,2016/12/20,レッド
ヒカリアレ,2016/12/20,レッド
花丸◎日和！,2016/12/20,レッド
ペンパイナッポーアッポーペン(PPAP),2016/12/20,レッド
「ポケットモンスター サン・ムーン」メドレー,2016/12/20,レッド
ファミコンメドレー,2016/12/20,レッド
No Gravity,2016/12/20,レッド
前前前世,2016/12/21,iOS
そつおめしき2ばん,2017/01/30,レッド
Tulip,2017/01/31,レッド
S(mile)ING!,2017/01/31,レッド
Never say never,2017/01/31,レッド
TOKIMEKIエスカレート,2017/01/31,レッド
Inscrutable Battle,2017/02/02,3DS3
Surf Zapping,2017/03/02,3DS3
クリスマスソング,2017/03/15,イエロー
黒い猫の歌,2017/03/15,イエロー
好きな人がいること,2017/03/15,イエロー
全力バタンキュー,2017/03/15,イエロー
アローラ!!,2017/03/15,イエロー
エビカニクス,2017/03/15,イエロー
シオカラ節,2017/03/15,イエロー
願いはエスペラント,2017/03/15,イエロー
Turquoise Tachometer,2017/03/15,イエロー
さよならワーリャ,2017/03/15,イエロー
UNDEAD HEART(怒りのWarriors),2017/03/15,イエロー
恋,2017/03/22,イエロー
ようこそジャパリパークへ,2017/03/22,イエロー
どこまでも～How Far I'll Go～,2017/04/26,イエロー
SHINE!! キラキラ☆プリキュアアラモード,2017/04/26,イエロー
LUCKYSTAR,2017/04/26,イエロー
カゲロウ,2017/04/26,イエロー
GO,2017/04/26,イエロー
限界突破×サバイバー,2017/04/26,イエロー
メタナイトの逆襲メドレー,2017/04/26,イエロー
エンジェル ドリーム(デレマス),2017/04/26,イエロー
ゼルダの伝説 ブレス オブ ザ ワイルド メドレー,2017/04/26,イエロー
桜花爛漫,2017/04/26,イエロー
大器晩成,2017/04/28,iOS/AR
OLGA BREEZE ［太陽シーン］,2017/05/11,3DS3
明日も,2017/05/31,イエロー
ここたまハッピ～パラダイス！,2017/05/31,イエロー
ロードムービー,2017/05/31,イエロー
8OROCHI,2017/05/31,イエロー
Asteroid,2017/06/01,イエロー
三瀬川乱舞,2017/06/01,イエロー
忘却のティルナノグ,2017/06/01,イエロー
激運！七福ハッピークルー,2017/06/01,イエロー
χ談,2017/06/01,イエロー
God Ray,2017/06/30,イエロー
STAY TUNE,2017/07/05,イエロー
やってみよう,2017/07/05,イエロー
ともに,2017/07/05,イエロー
未来はジョー！ジョー！,2017/07/05,イエロー
めざせポケモンマスター -20th Anniversary-,2017/07/15,イエロー
月読命,2017/07/17,イエロー
チャンピオンロード,2017/07/25,iOS/AR
YouTubeテーマソング,2017/07/25,iOS/AR
シン・ゾンビ,2017/08/08,イエロー
高嶺の花子さん,2017/08/08,イエロー
青空のラプソディ,2017/08/08,イエロー
SHINY,2017/08/08,イエロー
GEEDの証,2017/08/08,イエロー
シャルル,2017/08/08,イエロー
スカッとばあちゃんの歌,2017/08/08,イエロー
鏡の国のアリス,2017/08/08,イエロー
INSPION,2017/08/10,イエロー
Infinite Rebellion,2017/08/17,イエロー
濃紅,2017/08/24,イエロー
WARNING×WARNING×WARNING,2017/09/06,イエロー
二人の結晶-INNOCENCE-,2017/09/06,イエロー
チルノのパーフェクトさんすう教室 9周年バージョン,2017/09/06,イエロー
元祖！天才チルノちゃん☆,2017/09/06,イエロー
R.I.,2017/09/06,イエロー
FooFooカセット,2017/09/06,イエロー
HARDCOREノ心得,2017/09/06,イエロー
つながれ！ひろがれ！打ち上がれ！,2017/09/29,PS4 1
美女と野獣,2017/10/11,イエロー
誘惑,2017/10/11,イエロー
HOWEVER,2017/10/11,イエロー
にめんせい☆ウラオモテライフ！,2017/10/11,イエロー
拝啓ドッペルゲンガー,2017/10/11,イエロー
極圏,2017/10/13,イエロー
怒槌,2017/10/13,イエロー
Scarlet Lance,2017/10/13,イエロー
MANKAI☆開花宣言,2017/10/18,イエロー
LOSER,2017/10/26,PS4 1
アポロ,2017/10/26,PS4 1
ハローキティ,2017/10/26,PS4 1
ハンロック,2017/10/26,PS4 1
Saika,2017/10/26,イエロー
Theme of Ryu,2017/10/26,PS4 1
Heat Haze Shadow 2,2017/10/26,PS4 1
テイルズ オブ ベルセリア メドレー,2017/10/26,PS4 1
Brand New Theater!,2017/10/26,PS4 1
Urban Striker,2017/10/26,PS4 1
懐中庭園を持つ少女,2017/10/26,イエロー
コナモノ☆,2017/10/26,イエロー
トラストゲーム,2017/10/26,PS4 1
マジカル・パフェ,2017/10/26,PS4 1
そつおめしき・ふる,2017/10/26,PS4 1
Taiko Drum Monster,2017/11/02,イエロー
Groovy Duel,2017/11/08,イエロー
見たこともない景色,2017/12/21,イエロー
TT -Japanese ver.-,2017/12/21,イエロー
Be The One,2017/12/21,イエロー
Reason!!,2017/12/21,イエロー
SHOGYO MUJO,2017/12/21,イエロー
Blessed Bouquet Buskers,2017/12/21,イエロー
OK I’m blue rat,2017/12/21,イエロー
彼は誰時の誘惑,2017/12/21,イエロー
オリジナルミライ,2017/12/21,PS4 1
WiSH VOYAGE,2018/01/09,イエロー
音虫をつかまえろ！,2018/01/25,PS4 1
コロコロコミック40周年のうた,2018/02/15,PS4 1
流浪の琥珀姫,2018/02/22,PS4 1
LOVE＆ENERGY,2018/03/01,iOS/AR
Hero,2018/03/15,ブルー
ダンシング・ヒーロー(Eat You Up),2018/03/15,ブルー
Hope,2018/03/15,ブルー
POP TEAM EPIC,2018/03/15,ブルー
GLORIOUS RO@D,2018/03/15,ブルー
スプラトゥーン2 メドレー,2018/03/15,ブルー
須佐之男,2018/03/15,ブルー
トンガチン,2018/03/22,PS4 1
ルパンレンジャーVSパトレンジャー,2018/04/18,ブルー
We can!! HUGっと！プリキュア,2018/04/18,ブルー
"Jump Up, Super Star! Short Version",2018/04/18,ブルー
Heavenly Visitor,2018/04/25,ブルー
NO DOUBT,2018/05/02,ブルー
零 -ZERO-,2018/06/01,ブルー
愛と浄罪の森,2018/06/01,ブルー
よーいドン！,2018/06/01,ブルー
SORA-VII シグナスウォール,2018/06/01,ブルー
秘ナルメジェドノ悲ナル憂鬱,2018/06/01,ブルー
さよならエレジー,2018/06/27,ブルー
ヒバナ,2018/06/27,ブルー
アスノヨゾラ哨戒班,2018/06/27,ブルー
哀 want U,2018/07/07,ブルー
Howling,2018/07/19,NS1
進化理論,2018/07/19,NS1
おまえブタメン！,2018/07/19,NS1
クラポルポルスカ,2018/07/19,NS1
PAC‐MAN CHAMPIONSHIP EDITION 2,2018/07/19,NS1
ほんわか家族～ネコトモのうた～,2018/07/19,NS1
TD -28619029byte remix-,2018/07/19,NS1
Racing the Storm,2018/07/19,NS1
フリフリ♪ノリノリ♪,2018/07/19,NS1
和有るど経りて維持・序,2018/07/19,NS1
タベテモタベテモ,2018/07/19,NS1
void setup,2018/07/19,NS1
エクラン ルブラン,2018/07/19,NS1
トンデ・ミテ,2018/07/19,NS1
ダンガンノーツ,2018/07/21,ブルー
Freeway3234,2018/07/26,PS4 1
流星,2018/08/08,ブルー
太陽系デスコ,2018/08/08,ブルー
トイマチック☆パレード!!,2018/08/08,ブルー
スーパーD＆D ～完全にリードしてアイマイミー～,2018/08/18,ブルー
D絶対！SAMURAIインザレイン,2018/08/25,ブルー
虹(Fischer's),2018/08/30,ブルー
JOIN US,2018/08/30,ブルー
人のお金で焼肉を食したい！,2018/09/01,ブルー
Lemon,2018/09/06,ブルー
U.S.A.,2018/09/13,ブルー
未来コネクション,2018/09/13,ブルー
行かないでイカロス,2018/09/13,ブルー
Behemoth,2018/09/13,ブルー
Don't say ”lazy”,2018/09/27,PS4 1
シャイニング☆アブラカタブラ,2018/09/29,ブルー
激レアさんスペシャルメドレー,2018/10/02,ブルー
CYBERgenicALICE,2018/10/13,ブルー
カウントダウン,2018/10/23,ブルー
魔理沙は大変なものを盗んでいきました,2018/10/23,ブルー
GERBERA,2018/10/25,ブルー
Xevel,2018/10/25,ブルー
ouroboros -twin stroke of the end-,2018/10/25,ブルー
青天の黎明,2018/10/25,ブルー
via lactea,2018/10/25,PS4 1
Ninja Batman,2018/11/19,iOS/AR
シンクロニシティ,2018/11/21,ブルー
DANZEN! ふたりはプリキュア～唯一無二の光たち～,2018/11/21,ブルー
時を待とう,2018/11/21,ブルー
Toon Town's Toys' Tune,2018/11/21,ブルー
まるくてはやくてすさまじいリズム,2018/11/21,ブルー
EterNal Ring,2018/11/21,ブルー
Coquette,2018/11/21,ブルー
第六天魔王,2018/11/21,ブルー
GAT-TAI,2018/12/03,iOS/AR
雑草,2018/12/06,NS1
ダンスロボットダンス,2018/12/06,ブルー
カンタービレ×パッシオーネ,2018/12/13,ブルー
ガラスを割れ！,2018/12/19,ブルー
命短し恋せよ乙女,2018/12/19,ブルー
Over “Quartzer”,2018/12/19,ブルー
パン vs ごはん！ 大決戦！,2018/12/19,ブルー
カラフル,2018/12/19,ブルー
λ7708,2018/12/19,ブルー
極楽浄土,2018/12/20,PS4 1
バイオレンストリガー,2018/12/21,iOS
Clotho クロートー,2018/12/28,ブルー
ARMAGEΔDON,2019/01/05,ブルー
イヌノノリモノ,2019/01/10,NS1
GO GET'EM!,2019/01/19,ブルー
New Stranger,2019/01/24,PS4 1
Marine Mirage,2019/01/31,ブルー
天下統一録,2019/01/31,ブルー
ポケットモンスター Let's Go! ピカチュウ・Let's Go! イーブイ,2019/02/07,NS1
ユースフルコースター,2019/02/16,ブルー
Winding Road,2019/02/28,PS4 1
FREEDOM DiVE↓,2019/02/28,PS4 1
Dive to Blue,2019/02/28,ブルー
頂,2019/03/02,ブルー
ミライ,2019/03/07,NS1
アイノカタチ feat.HIDE(GReeeeN),2019/03/14,グリーン
Candy Pop,2019/03/14,グリーン
ミッション！ 健・康・第・イチ,2019/03/14,グリーン
雨とペトラ,2019/03/14,グリーン
残響,2019/03/14,グリーン
こ・き・く・くる・くる・くれ・こ！,2019/03/14,グリーン
あの日出会えたキセキ,2019/03/14,グリーン
世界はあなたに笑いかけている,2019/03/28,グリーン
ADAMAS,2019/03/28,グリーン
Spread the Wings!!,2019/03/28,グリーン
ヒカリのdestination,2019/03/28,グリーン
241ディープラーニング,2019/03/28,PS4 1
Nesin Amatias,2019/04/01,グリーン
ナマハゲノウタ,2019/04/11,NS1
Pixel Galaxy,2019/04/13,グリーン
Altale,2019/04/20,グリーン
あなたとトゥラッタッタ♪,2019/04/25,グリーン
アンビバレント,2019/04/25,グリーン
ウキウキオトッペ,2019/04/25,グリーン
ハイスペックニート,2019/04/25,グリーン
アルカリレットウセイ,2019/04/25,グリーン
意識のワーゼ,2019/04/25,PS4 1
Dragoon,2019/05/01,グリーン
ラヴ・スパイス・ライクユー!!!,2019/05/02,グリーン
或ル不和,2019/05/03,グリーン
Gold Armor,2019/05/16,NS1
星屑ストラック,2019/05/18,グリーン
Roca Roja,2019/05/23,PS4 1
もしもし神様,2019/05/30,グリーン
デッド・オア・ダイ,2019/05/30,グリーン
ドラマツルギー,2019/06/01,グリーン
キラリ☆彡スター☆トゥインクルプリキュア,2019/06/01,グリーン
ボクらのまえに道はある,2019/06/13,NS1
ロキ,2019/06/27,グリーン
ゲゲゲの鬼太郎(氷川きよし),2019/06/27,グリーン
疾風怒濤,2019/06/27,グリーン
カラフルボイス,2019/06/27,グリーン
Goldfish City,2019/06/27,グリーン
What's in the box?,2019/06/27,グリーン
アムピト◇リーテー,2019/06/27,グリーン
AIAIAI (feat.中田ヤスタカ),2019/06/30,グリーン
"Hello, Morning",2019/06/30,グリーン
やさしさに包まれたなら,2019/07/11,NS1
人生のメリーゴーランド,2019/07/11,NS1
風のとおり道,2019/07/11,NS1
ON SAY GO SAY,2019/07/11,NS1
Yes we are,2019/07/25,グリーン
マリーゴールド,2019/07/25,グリーン
ハッピーウェディング前ソング,2019/07/25,グリーン
ただ君に晴れ,2019/07/25,グリーン
騎士竜戦隊リュウソウジャー,2019/07/25,グリーン
ケラケラホーのうた,2019/07/25,グリーン
紅蓮華,2019/07/25,グリーン
Touch off,2019/07/25,PS4 1
142トキノワタリドリ,2019/07/25,PS4 1
B.B.K.K.B.K.K.,2019/08/01,グリーン
もぺもぺ,2019/08/06,グリーン
魔法式逃走奇譚☆ミ,2019/08/08,NS1
Dreadnought,2019/08/20,グリーン
Argent Memories,2019/08/22,PS4 1
MOIL,2019/08/23,グリーン
ぐでたまテーマソング,2019/09/04,グリーン
ププッとフムッとかいけつダンス,2019/09/04,グリーン
マスカット,2019/09/04,グリーン
気焔万丈神楽,2019/09/04,グリーン
コネクトカラーズ,2019/09/04,グリーン
poxei◆DOON,2019/09/04,グリーン
future beat,2019/09/05,NS1
ヒプノシスマイク -Division Battle Anthem-,2019/09/05,NS1
Mr.ランナー,2019/09/05,NS1
ぐでたまぷちょへんざ,2019/09/20,グリーン
キューティー☆デモニック☆魔人エモ!!,2019/09/21,グリーン
わら得る2000,2019/09/26,PS4 1
Don't Stop the Game,2019/10/05,グリーン
BLUE SAPPHIRE,2019/10/10,NS1
MEGALOVANIA,2019/10/10,NS1
心の痛み,2019/10/10,NS1
夢と希望,2019/10/10,NS1
君はロックを聴かない,2019/10/17,グリーン
ナンセンス文学,2019/10/17,グリーン
Calamity Fortune,2019/10/17,グリーン
サクラ・シークレット,2019/10/17,グリーン
Undying Legend,2019/10/24,PS4 1
にゃーにゃーにゃー,2019/10/26,グリーン
天泣の律,2019/11/09,グリーン
OVER THE TOP,2019/11/14,NS1
其方、激昂,2019/11/14,NS1
Solitude Star,2019/11/28,PS4 1
氷竜 ～Kooryu～,2019/12/05,グリーン
UFO Swingin',2019/12/05,グリーン
馬と鹿,2019/12/12,NS1
ヒミツキチューバー,2019/12/12,NS1
1／2 ～inside me,2019/12/17,PS4 1
REAL×EYEZ,2019/12/18,グリーン
ミルミル ～未来ミエル～,2019/12/18,グリーン
撥条少女時計,2019/12/18,グリーン
グラーヴェ,2019/12/18,グリーン
モノクロボイス,2019/12/21,グリーン
森羅万象,2020/01/01,グリーン
令・和太鼓,2020/01/16,NS1
うちゅうひこうし冒険譚,2020/01/18,グリーン
刀剣乱舞,2020/01/22,グリーン
Act! Addict! Actors!,2020/01/22,グリーン
インフェルノ,2020/01/23,PS4 1
Caribbean Knight,2020/02/01,グリーン
愛にできることはまだあるかい,2020/02/13,NS1
グランドエスケープ,2020/02/13,NS1
風たちの声,2020/02/13,NS1
ブリキノダンス,2020/02/13,NS1
タイコロール,2020/02/21,グリーン
お願いマッスル,2020/02/27,PS4 1
閃光ヴァルキュリア,2020/02/27,PS4 1
HIMAWARI HAPPY,2020/03/24,ニジイロ
今,2020/03/24,ニジイロ
Pretender,2020/03/24,ニジイロ
ピースサイン,2020/03/24,ニジイロ
サクリファイス,2020/03/24,ニジイロ
HIMAWARI HAPPY,2020/03/24,ニジイロ
今,2020/03/24,ニジイロ
サクリファイス,2020/03/24,ニジイロ
乙女解剖,2020/03/24,ニジイロ
幕末維新譚,2020/03/24,ニジイロ
続・〆ドレー2000,2020/03/26,ニジイロ
チキンレース,2020/04/09,NS1
白日,2020/05/14,NS1
神様の言うとおりに,2020/06/09,ニジイロ
猫サンキュー,2020/06/09,ニジイロ
ヒーリングっど・プリキュア Touch!!,2020/06/09,ニジイロ
ギンギラ銀河,2020/06/09,ニジイロ
God knows...,2020/06/09,ニジイロ
ギンギラ銀河,2020/06/09,ニジイロ
ドローイン☆ドリーム！,2020/06/11,NS1
ペットショップ大戦,2020/06/20,ニジイロ
キレキャリオン,2020/06/22,ニジイロ
レトロマニア狂想曲,2020/06/22,ニジイロ
キレキャリオン,2020/06/22,ニジイロ
レトロマニア狂想曲,2020/06/22,ニジイロ
TOKIMEKI・ですとろいやー！！,2020/06/27,ニジイロ
魔進戦隊キラメイジャー,2020/06/30,ニジイロ
シンクロニカ・エアライン,2020/06/30,ニジイロ
愛なんだぜ,2020/06/30,ニジイロ
memoria ficta,2020/06/30,ニジイロ
ゴッドソング,2020/07/09,NS1/iOS/AR
まちがいさがし,2020/07/29,ニジイロ
青と夏,2020/07/29,ニジイロ
秒針を噛む,2020/07/29,ニジイロ
アバみ,2020/07/29,ニジイロ
8月の坂,2020/07/29,ニジイロ
8月の坂,2020/07/29,ニジイロ
命に嫌われている。,2020/07/29,ニジイロ
JOIN THE PAC -太鼓の達人 Ver.-,2020/08/08,ニジイロ
ALiVE,2020/08/15,ニジイロ
PHOENIX,2020/08/20,NS1
1・2・3,2020/08/20,NS1
waitin' for u,2020/08/22,ニジイロ
Dogbite,2020/08/29,ニジイロ
Parousia,2020/09/05,ニジイロ
夜に駆ける,2020/09/16,ニジイロ
Smile! Smile! Smile!,2020/09/16,ニジイロ
限界クリエイター応援歌,2020/09/16,ニジイロ
Fly again!,2020/09/16,ニジイロ
零の交響曲,2020/09/16,ニジイロ
いっそこのままで,2020/09/16,ニジイロ
wonderful ROUTINE,2020/09/16,ニジイロ
Leviathan,2020/09/19,ニジイロ
Wish upon a shooting star,2020/09/26,ニジイロ
MagiCatz,2020/10/03,ニジイロ
ごまかし,2020/10/08,NS1
ANiMA,2020/10/08,NS1
BORN ON DREAM! ～HANABI☆NIGHT～,2020/10/08,NS1
RESTART,2020/10/21,ニジイロ
ミュートすればいいじゃん。,2020/10/21,ニジイロ
DiSCOVER THE FUTURE,2020/10/21,ニジイロ
だれかの心臓になれたなら,2020/10/21,ニジイロ
DiSCOVER THE FUTURE,2020/10/21,ニジイロ
患部で止まってすぐ溶ける ～ 狂気の優曇華院,2020/10/21,ニジイロ
Central Dogma Pt.1,2020/10/21,ニジイロ
絡繰廻廊,2020/10/21,ニジイロ
テトラリュトモスフォビア,2020/10/21,ニジイロ
Favorite Days,2020/10/28,ニジイロ
Mani Mani(Prod. TAKU INOUE),2020/11/04,ニジイロ
アイドル狂戦士(feat.佐藤貴文),2020/11/11,ニジイロ
∫-integral-,2020/11/12,NS1
にひきはネコトモ！,2020/11/19,NS1/iOS/AR
だから僕は音楽を辞めた,2020/11/25,ニジイロ
Circle of Seasons,2020/11/25,ニジイロ
Circle of Seasons,2020/11/25,ニジイロ
Stick Trick ShowTime!!,2020/11/25,ニジイロ
螺旋周回軌道,2020/11/25,ニジイロ
儚姫は原初に舞う,2020/11/25,ニジイロ
Vixtory,2020/11/25,ニジイロ
LAST CHRISTMAS,2020/12/03,NS1
香水,2020/12/23,ニジイロ
轟!!!,2020/12/23,ニジイロ
イイコ進化論(feat. O-LuHA),2020/12/23,ニジイロ
轟!!!,2020/12/23,ニジイロ
ALMIGHTY～仮面の約束 feat.川上洋平,2020/12/23,ニジイロ
チュワパネ！,2020/12/23,ニジイロ
星河一天,2021/01/02,ニジイロ
ラパスの虹,2021/01/09,ニジイロ
感電,2021/01/14,NS1
星影のエール,2021/01/14,NS1
Wavy Baby,2021/01/14,NS1
Hand Over (Prod. TEMPLIME),2021/01/16,ニジイロ
Hyper Bass (feat. Yunomi),2021/01/16,ニジイロ
いただきバベル (Prod. ケンモチヒデフミ),2021/01/16,ニジイロ
Shining Lights (feat. PSYQUI),2021/01/16,ニジイロ
PONPOKO RHYTHM,2021/01/23,ニジイロ
炎,2021/01/27,ニジイロ
炎,2021/01/27,ニジイロ
炎,2021/01/27,ニジイロ
幾望の月,2021/01/27,ニジイロ
ぺた・PETA！？パンプキン,2021/01/30,ニジイロ
Diving Drive,2021/02/06,ニジイロ
ニジイロバトン,2021/02/13,ニジイロ
カ！カ！カ！カミズモード！,2021/02/17,ニジイロ
カ！カ！カ！カミズモード！,2021/02/17,ニジイロ
轟け！太鼓の達人,2021/02/21,ニジイロ
VIVIVIVID,2021/02/27,ニジイロ
1・2・さんしのでドンドカッカッ！,2021/03/06,ニジイロ
ポケットからきゅんです！,2021/03/10,iOS/AR
廻廻奇譚,2021/03/11,NS1
ひよこ鑑定士さん,2021/03/13,ニジイロ
YOAKE,2021/03/20,ニジイロ
宿命,2021/03/25,ニジイロ
テーマ・オブ・半沢直樹 ～Main Title～,2021/03/25,ニジイロ
Realize,2021/03/25,ニジイロ
テオ,2021/03/25,ニジイロ
テーマ・オブ・半沢直樹 ～Main Title～,2021/03/25,ニジイロ
傾奇者、罷り通る！,2021/03/25,ニジイロ
あまてらすJK,2021/03/25,ニジイロ
赤と白薔薇の魔女,2021/03/25,ニジイロ
LECIEL GLISSANDO,2021/03/25,ニジイロ
彁,2021/04/01,ニジイロ
My Little Pony Theme Song,2021/04/02,PTB
燃えてヒーロー,2021/04/02,PTB
World of GENPEI TOMADEN,2021/04/02,PTB
音符のうた -English Version-,2021/04/02,PTB
春を告げる,2021/04/08,NS1
猫,2021/04/08,NS1
Future Melody - 心から未来へ -,2021/04/08,NS1
Welcome to the Taiko Stadium!,2021/04/08,NS1
テルミービート,2021/04/10,ニジイロ
テルミービート,2021/04/10,ニジイロ
うっせぇわ,2021/04/21,ニジイロ
Connected World,2021/04/21,ニジイロ
twinkle night (feat. somunia),2021/04/21,ニジイロ
パラレルロリポップ,2021/04/24,ニジイロ
なんどでも笑おう,2021/04/28,ニジイロ
Central Dogma Pt.2,2021/05/01,ニジイロ
しょうゆ de Show you!,2021/05/15,ニジイロ
月色Chainon,2021/05/17,ニジイロ
月色Chainon,2021/05/17,ニジイロ
Into the Unknown,2021/05/17,NS1
裸の心,2021/05/26,ニジイロ
Viva! Spark!トロピカル～ジュ！プリキュア,2021/05/26,ニジイロ
全力全開！ゼンカイジャー,2021/05/26,ニジイロ
Viva! Spark!トロピカル～ジュ！プリキュア,2021/05/26,ニジイロ
KING,2021/05/26,ニジイロ
4+1のそれぞれの未来,2021/05/27,ニジイロ
Amber Light,2021/05/27,ニジイロ
4+1のそれぞれの未来,2021/05/27,ニジイロ
Armor Break,2021/06/01,iOS/AR
Dreamin' World,2021/06/01,iOS/AR
Original Color Girls!!!!,2021/06/01,iOS/AR
Hold me tight,2021/06/05,ニジイロ
怪物,2021/06/10,NS1
He's a Pirate,2021/06/10,NS1
インディ・ジョーンズのテーマ,2021/06/10,NS1
Star Wars： Main Title,2021/06/10,NS1
ゆらめ,2021/06/18,ニジイロ
チューリングラブ feat.Sou ／ ナナヲアカリ,2021/06/30,ニジイロ
Make debut!,2021/06/30,ニジイロ
チューリングラブ feat.Sou ／ ナナヲアカリ,2021/06/30,ニジイロ
ベノム(feat.flower),2021/06/30,ニジイロ
Make debut!,2021/06/30,ニジイロ
駆け抜けてゆく,2021/07/03,ニジイロ
サラバ、愛しき悲しみたちよ -ZZ ver.-,2021/07/08,NS1/iOS/AR
I Want You Back,2021/07/08,NS1
乱数調整のリバースシンデレラ,2021/07/08,ニジイロ
Donder Time,2021/07/17,ニジイロ
群青,2021/07/28,ニジイロ
カラフル・パーティ,2021/07/28,ニジイロ
夏祭り ／ ジッタリン・ジン,2021/07/28,ニジイロ
睡蓮花,2021/07/28,ニジイロ
カラフル・パーティ,2021/07/28,ニジイロ
ヴァンパイア,2021/07/28,ニジイロ
YES or YES,2021/08/05,NS1
Dejavina (Japanese ver.),2021/08/05,NS1
Walking with you,2021/08/05,NS1
恋はドント・ダウト,2021/08/07,ニジイロ
幻想に咲いた花,2021/08/16,ニジイロ
マツヨイナイトバグ,2021/08/16,ニジイロ
Summer Dude,2021/08/18,iOS/AR
Make it!,2021/08/18,iOS/AR
Aloft in the wind,2021/08/23,ニジイロ
Emma,2021/08/23,ニジイロ
"Hello, Worldooon!!",2021/08/23,ニジイロ
鼓舞曲「閻魔」,2021/09/01,ニジイロ
刻竜 ～Kokuryu～,2021/09/08,ニジイロ
†バチ!ムチ!?マッスルキングダム†,2021/09/08,ニジイロ
魑魅魍魎,2021/09/08,ニジイロ
憎悪と醜悪の花束,2021/09/08,ニジイロ
ドライフラワー,2021/09/09,NS1
大冒険タツドン,2021/09/18,ニジイロ
DDU-DU DDU-DU,2021/09/25,ニジイロ
bad guy,2021/09/25,ニジイロ
BATTLE NO.1,2021/10/02,ニジイロ
一世風靡,2021/10/16,ニジイロ
第六感,2021/10/20,ニジイロ
怪獣少女は火を吹かない,2021/10/20,ニジイロ
Cry Baby,2021/10/20,NS1
怪獣少女は火を吹かない,2021/10/20,ニジイロ
平等院鳳凰ドン vs 鳥獣戯カッ,2021/11/06,ニジイロ
きらり,2021/11/11,NS1
津軽海峡・冬景色,2021/11/12,PTB
Let It Go,2021/11/12,PTB
グッバイ宣言,2021/11/17,ニジイロ
Baby Shark（ベイビー・シャーク）,2021/11/17,ニジイロ
グッバイ宣言,2021/11/17,ニジイロ
ウサテイ,2021/11/18,ニジイロ
大好きな太鼓の音,2021/11/18,ニジイロ
燃えよサファイア,2021/11/20,ニジイロ
檄！帝国華撃団,2021/11/25,iOS/AR
punk bastards,2021/11/27,ニジイロ
シル・ヴ・プレジデント,2021/12/01,iOS/AR
ハルジオン,2021/12/02,NS1
踊,2021/12/02,NS1
仮想現実のテレスコープ,2021/12/04,ニジイロ
明け星,2021/12/15,ニジイロ
YONA YONA DANCE,2021/12/15,ニジイロ
明け星,2021/12/15,ニジイロ
liveDevil,2021/12/15,ニジイロ
Fun!Fun!Fun! ～夢∞～,2021/12/15,ニジイロ
明け星,2021/12/15,ニジイロ
僕の戦争,2021/12/15,ニジイロ
たいこの2000,2021/12/18,ニジイロ
Agent Hustle ＆ Dr. Hassle,2021/12/23,ニジイロ
Spectral Rider,2021/12/23,ニジイロ
ex寅 Trap!!,2022/01/01,ニジイロ
The Future of the 太鼓ドラム,2022/01/15,ニジイロ
スキスキ星人,2022/01/26,ニジイロ
テイルズ オブ アライズ 戦闘曲メドレー,2022/01/27,Xbox1
相容れぬ念い,2022/01/27,Xbox1
"Hello, Mr.JOKER",2022/01/29,ニジイロ
コミカルに追いかけっこ,2022/02/01,iOS/AR
アンリミテッドゲームズ,2022/02/05,ニジイロ
晨星ト鵺,2022/02/12,ニジイロ
ストロベリー☆プラネット！,2022/02/16,ニジイロ
シンデレラ,2022/02/16,ニジイロ
GO ON ～未来へ～,2022/02/21,ニジイロ
Battaille Decisive,2022/03/01,iOS/AR
業 -善なる神とこの世の悪について-,2022/03/03,ニジイロ
Streamer,2022/03/16,ニジイロ
プロミスザスター,2022/03/16,ニジイロ
めためた☆ゆにば～すっ！,2022/03/17,ニジイロ
You've Got a Friend in Me,2022/03/18,PTB
SHINY(モアナ),2022/03/18,PTB
Baby Shark,2022/03/18,PTB
Sugar,2022/03/26,ニジイロ
以後別做朋友 The Distance of Love,2022/03/26,ニジイロ
TEMPLATE,2022/03/31,iOS/AR
Prism Melody,2022/03/31,iOS/AR
弧,2022/04/09,ニジイロ
Player's High,2022/04/16,ニジイロ
阿修羅ちゃん,2022/04/20,ニジイロ
アニマル,2022/04/20,ニジイロ
Lunar Maria,2022/04/20,ニジイロ
AWAY,2022/04/21,ニジイロ
Challengers,2022/04/23,ニジイロ
Kill My Fortune,2022/05/21,ニジイロ
一途,2022/06/01,ニジイロ
Cheers!デリシャスパーティ・プリキュア,2022/06/01,ニジイロ
俺こそオンリーワン,2022/06/01,ニジイロ
一途,2022/06/01,ニジイロ
Cheers!デリシャスパーティ・プリキュア,2022/06/01,ニジイロ
思春期を殺した少年の翼,2022/06/01,iOS/AR
神っぽいな,2022/06/01,ニジイロ
Aragami,2022/06/04,ニジイロ
せかいのおと - sekai note -,2022/06/18,ニジイロ
プラスティック・ラブ,2022/06/22,PTB
Libera Ray,2022/07/02,ニジイロ
Irodoru・Future,2022/07/16,ニジイロ
The Power Of Love,2022/07/26,PTB
ソニック・ザ・ヘッジホッグ メドレー,2022/07/26,PTB
ミックスナッツ,2022/07/27,ニジイロ
CITRUS,2022/07/27,ニジイロ
なにやってもうまくいかない,2022/07/27,ニジイロ
シャイニングスター,2022/07/27,ニジイロ
1・2・3(サトシ＆ゴウ),2022/07/27,ニジイロ
ミックスナッツ,2022/07/27,ニジイロ
1・2・3(サトシ＆ゴウ),2022/07/27,ニジイロ
はねまり体操,2022/08/05,ニジイロ
新時代,2022/08/06,ニジイロ
新時代,2022/08/06,ニジイロ
新時代,2022/08/06,ニジイロ
GOING TO LUNATEA,2022/08/06,ニジイロ
まいにちがドンダフル,2022/08/18,NS2
狂瀾怒濤,2022/08/27,ニジイロ
そして勇者は眠りにつく,2022/09/03,ニジイロ
くらべられっ子,2022/09/07,ニジイロ
Just Awake,2022/09/07,ニジイロ
Just Awake,2022/09/07,ニジイロ
THE POLiCY,2022/09/07,ニジイロ
THE POLiCY,2022/09/07,ニジイロ
SUPERNOVA,2022/09/10,ニジイロ
神竜 ～Shinryu～,2022/09/19,ニジイロ
Feel Special,2022/09/22,NS2
I LOVE...,2022/09/22,NS2
ヴィラン,2022/09/22,NS2
ゼルダの伝説 メインテーマ,2022/09/22,NS2
星のカービィ スターアライズ メドレー,2022/09/22,NS2
Life Will Change,2022/09/22,NS2
ESCAPE FROM CRISIS,2022/09/22,NS2
河童の皿はこんなにも,2022/09/22,NS2
夢うつつカタルシス,2022/09/22,NS2
風魔モジュール6768,2022/09/22,NS2
雲の彼方の大地の風,2022/09/22,NS2
修錬愛情 Practice Love,2022/09/28,ニジイロ
Savage Love,2022/09/28,ニジイロ
Doppelgangers,2022/10/01,ニジイロ
Doppelgangers,2022/10/01,ニジイロ
残響散歌,2022/10/13,NS2
We are PAC-MAN!,2022/10/13,NS2
Aleph-0,2022/10/13,ニジイロ
リトルホワイトウィッチ,2022/10/13,NS2
DANCE MONKEY,2022/10/15,ニジイロ
泥の分際で私だけの大切を奪おうだなんて,2022/10/19,ニジイロ
チキチキバンバン,2022/10/19,ニジイロ
ダーリンダンス,2022/10/19,ニジイロ
ホロメン音頭,2022/10/20,ニジイロ
スカーレット警察のゲットーパトロール24時,2022/10/28,ニジイロ
河内音頭 ～ふしづくし～,2022/11/04,ニジイロ
フォニイ,2022/11/10,NS2
真夜中のドア～Stay with me,2022/11/10,NS2
女神な世界 III,2022/11/10,NS2
オドループ,2022/11/16,ニジイロ
恋ゲバ,2022/11/16,ニジイロ
ALIVE,2022/11/16,ニジイロ
六本の薔薇と采の歌,2022/11/17,ニジイロ
シャアが来る,2022/11/18,PTB
LΔchesis,2022/11/19,ニジイロ
Timing ～タイミング～,2022/12/01,iOS/AR
ヘイラ,2022/12/03,ニジイロ
Habit,2022/12/08,NS2
音虫を響かせろ！,2022/12/08,NS2
喝采,2022/12/15,NS2
Illusion Flare,2022/12/17,ニジイロ
Trust・Last,2022/12/21,ニジイロ
ほめのび,2022/12/22,ニジイロ
Smile ＆ Go!!,2022/12/22,ニジイロ
六華の舞,2022/12/22,ニジイロ
詩謳兎揺蕩兎,2023/01/01,ニジイロ
THE FIXER,2023/01/12,NS2
スリケンランナー,2023/01/14,ニジイロ
ねねねねねねねね!大爆走,2023/01/19,ニジイロ
Ahoy!! 我ら宝鐘海賊団☆,2023/01/19,ニジイロ
KANEDA,2023/01/20,PTB
白日夢、霧雨に溶けて,2023/01/21,ニジイロ
アンチェイン・ガール！,2023/01/28,ニジイロ
五等分の気持ち,2023/02/01,iOS/AR
Space-Time Emergency,2023/02/04,ニジイロ
わたしの一番かわいいところ,2023/02/09,NS2
祝福,2023/02/09,NS2
信濃の国,2023/02/09,iOS/AR
RAINBOW★SKY,2023/02/11,ニジイロ
Jun Bride,2023/02/15,ニジイロ
いろはすてっぷ！,2023/02/16,ニジイロ
オーバード,2023/02/16,ニジイロ
Starry Heavens ver.2013,2023/02/16,NS2
エール・エクス・マキナ！,2023/02/21,ニジイロ
アキバ20XX,2023/03/01,ニジイロ
共奏鼓祭,2023/03/04,ニジイロ
"IAM (feat. Shogo, Tsubasa)",2023/03/08,ニジイロ
爆裂タウマゼイン (Prod. チバニャン),2023/03/08,ニジイロ
ダンスホール,2023/03/09,NS2
テクノヴェルクメドレー,2023/03/09,NS2
Destination 2F29,2023/03/11,ニジイロ
Crush (Prod. SHOW),2023/03/15,ニジイロ
good night baby (feat. Moe Shop),2023/03/15,ニジイロ
H.T,2023/03/17,PTB
ハルジオン(魔王魂),2023/03/22,ニジイロ
奇想天外ふしぎをどうぞ,2023/03/22,ニジイロ
閃光,2023/03/22,ニジイロ
スキに理由はいらないじゃん！,2023/03/24,ニジイロ
宵花火,2023/03/28,iOS/AR
鼓立あおはる学園校歌,2023/04/01,ニジイロ
どんちゃんしたい！,2023/04/08,ニジイロ
W／X／Y,2023/04/13,NS2
RUN PAC-MAN RUN!,2023/04/13,NS2
鬼走曲第24番,2023/04/13,NS2
オトナブルー,2023/04/19,ニジイロ
トウキョウ・シャンディ・ランデヴ,2023/04/19,ニジイロ
ひろがるスカイ！プリキュア ～Hero Girls～,2023/04/19,ニジイロ
私は最強,2023/04/19,ニジイロ
罪と罰 祈らざる者よ,2023/05/10,NS2
Subtitle,2023/05/11,NS2
第ゼロ感,2023/05/11,NS2
STONE OCEAN,2023/05/11,NS2
酔いどれ知らず,2023/05/11,NS2
NAINAINAI,2023/05/19,PTB
Re：End of a Dream,2023/05/20,ニジイロ
